rank,score,dataset_name,file_extension,size_kb,department_names,request_id,request_url,document_download_url,is_open_data_duplicate,duplicate_of,reasons
1,17,Nuru Employee Expenses Transactions  Jan 2014 to Feb. 2020.csv,csv,21.7,Public Works,20-777,https://sanfrancisco.nextrequest.com/requests/20-777,https://sanfrancisco.nextrequest.com/documents/3997868/download,false,,"expense, expenses, transactions, transaction, request-context:+4 (expense, reimbursement, records, -form), size:+2, dept:+1"
2,16,Violations_020116_Redacted.csv,csv,54706.9,Public Works,24-616,https://sanfrancisco.nextrequest.com/requests/24-616,https://sanfrancisco.nextrequest.com/documents/30404488/download,false,,"violation, violations, request-context:+4 (complaint, violation, violations, records, permits), size:+5, dept:+1"
3,14,HRC Prop Q Audit_Trend Analysis of Dept Use of Single Payments.xlsx,xlsx,23448.0,Controller,25-7557,https://sanfrancisco.nextrequest.com/requests/25-7557,https://sanfrancisco.nextrequest.com/documents/53348139/download,false,,"audit, payments, request-context:+4 (transactions, transaction, reimbursement, audit, inventory, roster, log, logs, records, vendor, contract, payments, -template, -form, -invoice, -receipt, -signature, -sample, -test, -duplicate), size:+5, dept:+1"
4,13,Tobacco_Violations_ 01012023-02282025.xlsx,xlsx,23.9,Public Health:  Tobacco and Smoking,25-1693,https://sanfrancisco.nextrequest.com/requests/25-1693,https://sanfrancisco.nextrequest.com/documents/44087351/download,false,,"violation, violations, request-context:+4 (violation, violations, records, inspections), size:+2, dept:+1"
5,13,CE Violations 12.19.2025 to 12.31.2025.xlsx,xlsx,156.7,Public Works,25-10804,https://sanfrancisco.nextrequest.com/requests/25-10804,https://sanfrancisco.nextrequest.com/documents/57360160/download,false,,"violation, violations, request-context:+4 (violation, violations, records), size:+2, dept:+1"
6,13,CE Violations 11.18.2025 to 12.18.2025.xlsx,xlsx,106.6,Public Works,25-10528,https://sanfrancisco.nextrequest.com/requests/25-10528,https://sanfrancisco.nextrequest.com/documents/57178252/download,false,,"violation, violations, request-context:+4 (violation, violations, records), size:+2, dept:+1"
7,13,violations.csv,csv,15820.0,"Public Health: Other, Public Health: Food Safety and Facilities",25-2572,https://sanfrancisco.nextrequest.com/requests/25-2572,https://sanfrancisco.nextrequest.com/documents/45403869/download,false,,"violation, violations, request-context:+2 (database, inspections, -form), size:+4, dept:+1"
8,12,"2_Blight Citations From 2009 to Nov 30, 2011.xls",xls,278.0,Public Works,24-599,https://sanfrancisco.nextrequest.com/requests/24-599,https://sanfrancisco.nextrequest.com/documents/29228123/download,false,,"citation, citations, request-context:+4 (complaint, complaints, violation, log, logs, records, permits, contract, -application), size:+3, dept:+1"
9,12,HRC Prop Q Audit_Trend Analysis of Dept Use of Prop Q.xlsx,xlsx,90689.1,Controller,25-7557,https://sanfrancisco.nextrequest.com/requests/25-7557,https://sanfrancisco.nextrequest.com/documents/53348141/download,false,,"audit, request-context:+4 (transactions, transaction, reimbursement, audit, inventory, roster, log, logs, records, vendor, contract, payments, -template, -form, -invoice, -receipt, -signature, -sample, -test, -duplicate), size:+5, dept:+1"
10,11,export-Complaint Manager-2024-08-01.xlsx,xlsx,73.4,"Public Health: Other, Public Health: Food Safety and Facilities",24-4594,https://sanfrancisco.nextrequest.com/requests/24-4594,https://sanfrancisco.nextrequest.com/documents/36711095/download,false,,"complaint, export, request-context:+4 (complaint, complaints, violation, violations, inspections), size:+2, dept:+1"
11,11,1_Unapproved incidents March 2020-March 2021.xlsx,xlsx,576.7,Public Works,22-6598,https://sanfrancisco.nextrequest.com/requests/22-6598,https://sanfrancisco.nextrequest.com/documents/16765309/download,false,,"incident, incidents, request-context:+3 (overtime), size:+3, dept:+1"
12,11,Complaint Manager-2026-07-02.xlsx,xlsx,545.5,"Public Health: Other, Public Health: Housing Violations/Vector Control/Lead",26-5533,https://sanfrancisco.nextrequest.com/requests/26-5533,https://sanfrancisco.nextrequest.com/documents/66279753/download,false,,"complaint, request-context:+4 (complaint, complaints, violation, violations, citation, records, -form), size:+3, dept:+1"
13,11,citation report 01012014 to 05312024_REDACTED.xlsx,xlsx,5810.0,Public Works,24-3249,https://sanfrancisco.nextrequest.com/requests/24-3249,https://sanfrancisco.nextrequest.com/documents/35197387/download,false,,"citation, request-context:+4 (violation, violations, citation, citations, database, records, -form, -copy), size:+4, dept:+1"
14,11,Supplier Payments (6).xlsx,xlsx,3206.7,Controller,26-2263,https://sanfrancisco.nextrequest.com/requests/26-2263,https://sanfrancisco.nextrequest.com/documents/61498626/download,false,,"payments, request-context:+4 (export, records, vendor, payments, -form), size:+4, dept:+1"
15,11,Inspections_020116.csv,csv,28361.4,Public Works,24-616,https://sanfrancisco.nextrequest.com/requests/24-616,https://sanfrancisco.nextrequest.com/documents/29866332/download,false,,"inspections, request-context:+4 (complaint, violation, violations, records, permits), size:+5, dept:+1"
16,11,Inspections_020116(1).csv,csv,28361.4,Public Works,24-616,https://sanfrancisco.nextrequest.com/requests/24-616,https://sanfrancisco.nextrequest.com/documents/29867478/download,false,,"inspections, request-context:+4 (complaint, violation, violations, records, permits), size:+5, dept:+1"
17,10,Unpaid Aadmin citation report - July 2025 thru July 2026.xlsx,xlsx,442.1,Public Works,26-6982,https://sanfrancisco.nextrequest.com/requests/26-6982,https://sanfrancisco.nextrequest.com/documents/68392745/download,false,,"citation, request-context:+4 (incident, incidents, violation, citation, citations, records, -form), size:+3, dept:+1"
18,10,Public Records Request 25-249.xlsx,xlsx,4458.5,Public Works,25-249,https://sanfrancisco.nextrequest.com/requests/25-249,https://sanfrancisco.nextrequest.com/documents/41761382/download,false,,"records, request-context:+4 (complaint, complaints, investigation, records, -form), size:+4, dept:+1"
19,10,Supplier Payments (1).xlsx,xlsx,12180.8,Controller,25-2312,https://sanfrancisco.nextrequest.com/requests/25-2312,https://sanfrancisco.nextrequest.com/documents/44357966/download,false,,"payments, request-context:+3 (transactions, transaction, records, vendor, -form, -invoice, -copy), size:+4, dept:+1"
20,10,"Public Records Request #26-6668 - SHARED SPACES HISTORY_redacted.xlsx",xlsx,5145.6,Public Works,26-6668,https://sanfrancisco.nextrequest.com/requests/26-6668,https://sanfrancisco.nextrequest.com/documents/67919248/download,false,,"records, request-context:+4 (complaint, complaints, violation, investigation, records, -form), size:+4, dept:+1"
21,10,1_New BSM Programmatic Inspection Tracker Updated.xls,xls,3479.0,Public Works,23-3094,https://sanfrancisco.nextrequest.com/requests/23-3094,https://sanfrancisco.nextrequest.com/documents/21587132/download,false,,"tracker, request-context:+4 (complaint, complaints, violation, log, logs, records, permits, contract, -application), size:+4, dept:+1"
22,10,1_New BSM Programmatic Inspection Tracker Updates.xls,xls,3484.5,Public Works,23-3094,https://sanfrancisco.nextrequest.com/requests/23-3094,https://sanfrancisco.nextrequest.com/documents/21586877/download,false,,"tracker, request-context:+4 (complaint, complaints, violation, log, logs, records, permits, contract, -application), size:+4, dept:+1"
23,10,2_BSM Programmatic Inspection Tracker.xls,xls,3440.5,Public Works,23-3094,https://sanfrancisco.nextrequest.com/requests/23-3094,https://sanfrancisco.nextrequest.com/documents/21587020/download,false,,"tracker, request-context:+4 (complaint, complaints, violation, log, logs, records, permits, contract, -application), size:+4, dept:+1"
24,10,2_BSM Programmatic Inspection Tracker.xls,xls,3440.5,Public Works,23-3094,https://sanfrancisco.nextrequest.com/requests/23-3094,https://sanfrancisco.nextrequest.com/documents/21586928/download,false,,"tracker, request-context:+4 (complaint, complaints, violation, log, logs, records, permits, contract, -application), size:+4, dept:+1"
25,10,1_New BSM Programmatic Inspection Tracker Updates.xls,xls,3484.5,Public Works,23-3094,https://sanfrancisco.nextrequest.com/requests/23-3094,https://sanfrancisco.nextrequest.com/documents/21587023/download,false,,"tracker, request-context:+4 (complaint, complaints, violation, log, logs, records, permits, contract, -application), size:+4, dept:+1"
26,10,1_New BSM Programmatic Inspection Tracker Updates.xls,xls,3484.5,Public Works,23-3094,https://sanfrancisco.nextrequest.com/requests/23-3094,https://sanfrancisco.nextrequest.com/documents/21587225/download,false,,"tracker, request-context:+4 (complaint, complaints, violation, log, logs, records, permits, contract, -application), size:+4, dept:+1"
27,10,1_New BSM Programmatic Inspection Tracker Updates.xls,xls,3484.5,Public Works,23-3094,https://sanfrancisco.nextrequest.com/requests/23-3094,https://sanfrancisco.nextrequest.com/documents/21588486/download,false,,"tracker, request-context:+4 (complaint, complaints, violation, log, logs, records, permits, contract, -application), size:+4, dept:+1"
28,10,2_BSM Programmatic Inspection Tracker.xls,xls,3440.5,Public Works,23-3094,https://sanfrancisco.nextrequest.com/requests/23-3094,https://sanfrancisco.nextrequest.com/documents/21591789/download,false,,"tracker, request-context:+4 (complaint, complaints, violation, log, logs, records, permits, contract, -application), size:+4, dept:+1"
29,10,1_New BSM Programmatic Inspection Tracker Updates.xls,xls,3484.5,Public Works,23-3094,https://sanfrancisco.nextrequest.com/requests/23-3094,https://sanfrancisco.nextrequest.com/documents/21587226/download,false,,"tracker, request-context:+4 (complaint, complaints, violation, log, logs, records, permits, contract, -application), size:+4, dept:+1"
30,10,1_New BSM Programmatic Inspection Tracker Updates.xls,xls,3484.5,Public Works,23-3094,https://sanfrancisco.nextrequest.com/requests/23-3094,https://sanfrancisco.nextrequest.com/documents/21591838/download,false,,"tracker, request-context:+4 (complaint, complaints, violation, log, logs, records, permits, contract, -application), size:+4, dept:+1"
31,10,1_New BSM Programmatic Inspection Tracker Updated.xls,xls,3479.0,Public Works,23-3094,https://sanfrancisco.nextrequest.com/requests/23-3094,https://sanfrancisco.nextrequest.com/documents/21592471/download,false,,"tracker, request-context:+4 (complaint, complaints, violation, log, logs, records, permits, contract, -application), size:+4, dept:+1"
32,10,1_BSM Programmatic Inspection Tracker.xls,xls,3104.5,Public Works,23-3094,https://sanfrancisco.nextrequest.com/requests/23-3094,https://sanfrancisco.nextrequest.com/documents/21592519/download,false,,"tracker, request-context:+4 (complaint, complaints, violation, log, logs, records, permits, contract, -application), size:+4, dept:+1"
33,10,1_New BSM Programmatic Inspection Tracker Updated.xls,xls,3479.0,Public Works,23-3094,https://sanfrancisco.nextrequest.com/requests/23-3094,https://sanfrancisco.nextrequest.com/documents/21592150/download,false,,"tracker, request-context:+4 (complaint, complaints, violation, log, logs, records, permits, contract, -application), size:+4, dept:+1"
34,10,4_BSM Programmatic Inspection Tracker.xls,xls,3286.0,Public Works,23-3094,https://sanfrancisco.nextrequest.com/requests/23-3094,https://sanfrancisco.nextrequest.com/documents/21586852/download,false,,"tracker, request-context:+4 (complaint, complaints, violation, log, logs, records, permits, contract, -application), size:+4, dept:+1"
35,10,1_New BSM Programmatic Inspection Tracker Updated.xls,xls,3479.0,Public Works,23-3094,https://sanfrancisco.nextrequest.com/requests/23-3094,https://sanfrancisco.nextrequest.com/documents/21587066/download,false,,"tracker, request-context:+4 (complaint, complaints, violation, log, logs, records, permits, contract, -application), size:+4, dept:+1"
36,10,1_New BSM Programmatic Inspection Tracker Updates.xls,xls,3484.5,Public Works,23-3094,https://sanfrancisco.nextrequest.com/requests/23-3094,https://sanfrancisco.nextrequest.com/documents/21587108/download,false,,"tracker, request-context:+4 (complaint, complaints, violation, log, logs, records, permits, contract, -application), size:+4, dept:+1"
37,10,2_BSM Programmatic Inspection Tracker.xls,xls,3438.5,Public Works,23-3094,https://sanfrancisco.nextrequest.com/requests/23-3094,https://sanfrancisco.nextrequest.com/documents/21587200/download,false,,"tracker, request-context:+4 (complaint, complaints, violation, log, logs, records, permits, contract, -application), size:+4, dept:+1"
38,10,2_BSM Programmatic Inspection Tracker.xls,xls,3440.5,Public Works,23-3094,https://sanfrancisco.nextrequest.com/requests/23-3094,https://sanfrancisco.nextrequest.com/documents/21592544/download,false,,"tracker, request-context:+4 (complaint, complaints, violation, log, logs, records, permits, contract, -application), size:+4, dept:+1"
39,10,1_BSM Programmatic Inspection Tracker.xls,xls,3104.5,Public Works,23-3094,https://sanfrancisco.nextrequest.com/requests/23-3094,https://sanfrancisco.nextrequest.com/documents/21592548/download,false,,"tracker, request-context:+4 (complaint, complaints, violation, log, logs, records, permits, contract, -application), size:+4, dept:+1"
40,10,2_BSM Programmatic Inspection Tracker.xls,xls,3440.5,Public Works,23-3094,https://sanfrancisco.nextrequest.com/requests/23-3094,https://sanfrancisco.nextrequest.com/documents/21592056/download,false,,"tracker, request-context:+4 (complaint, complaints, violation, log, logs, records, permits, contract, -application), size:+4, dept:+1"
41,10,1_New BSM Programmatic Inspection Tracker Updates.xls,xls,3484.5,Public Works,23-3094,https://sanfrancisco.nextrequest.com/requests/23-3094,https://sanfrancisco.nextrequest.com/documents/21592109/download,false,,"tracker, request-context:+4 (complaint, complaints, violation, log, logs, records, permits, contract, -application), size:+4, dept:+1"
42,10,1_New BSM Programmatic Inspection Tracker Updated.xls,xls,3466.5,Public Works,23-3094,https://sanfrancisco.nextrequest.com/requests/23-3094,https://sanfrancisco.nextrequest.com/documents/21586958/download,false,,"tracker, request-context:+4 (complaint, complaints, violation, log, logs, records, permits, contract, -application), size:+4, dept:+1"
43,10,1_New BSM Programmatic Inspection Tracker Updates.xls,xls,3484.5,Public Works,23-3094,https://sanfrancisco.nextrequest.com/requests/23-3094,https://sanfrancisco.nextrequest.com/documents/21591901/download,false,,"tracker, request-context:+4 (complaint, complaints, violation, log, logs, records, permits, contract, -application), size:+4, dept:+1"
44,10,1_New BSM Programmatic Inspection Tracker Updated.xls,xls,3466.5,Public Works,23-3094,https://sanfrancisco.nextrequest.com/requests/23-3094,https://sanfrancisco.nextrequest.com/documents/21586893/download,false,,"tracker, request-context:+4 (complaint, complaints, violation, log, logs, records, permits, contract, -application), size:+4, dept:+1"
45,10,1_New BSM Programmatic Inspection Tracker Updates.xls,xls,3484.5,Public Works,23-3094,https://sanfrancisco.nextrequest.com/requests/23-3094,https://sanfrancisco.nextrequest.com/documents/21587065/download,false,,"tracker, request-context:+4 (complaint, complaints, violation, log, logs, records, permits, contract, -application), size:+4, dept:+1"
46,10,4_BSM Programmatic Inspection Tracker.xls,xls,3286.0,Public Works,23-3094,https://sanfrancisco.nextrequest.com/requests/23-3094,https://sanfrancisco.nextrequest.com/documents/21587161/download,false,,"tracker, request-context:+4 (complaint, complaints, violation, log, logs, records, permits, contract, -application), size:+4, dept:+1"
47,10,1_New BSM Programmatic Inspection Tracker Updates.xls,xls,3484.5,Public Works,23-3094,https://sanfrancisco.nextrequest.com/requests/23-3094,https://sanfrancisco.nextrequest.com/documents/21587201/download,false,,"tracker, request-context:+4 (complaint, complaints, violation, log, logs, records, permits, contract, -application), size:+4, dept:+1"
48,10,1_New BSM Programmatic Inspection Tracker Updates.xls,xls,3484.5,Public Works,23-3094,https://sanfrancisco.nextrequest.com/requests/23-3094,https://sanfrancisco.nextrequest.com/documents/21591894/download,false,,"tracker, request-context:+4 (complaint, complaints, violation, log, logs, records, permits, contract, -application), size:+4, dept:+1"
49,10,1_New BSM Programmatic Inspection Tracker Updates.xls,xls,3484.5,Public Works,23-3094,https://sanfrancisco.nextrequest.com/requests/23-3094,https://sanfrancisco.nextrequest.com/documents/21591947/download,false,,"tracker, request-context:+4 (complaint, complaints, violation, log, logs, records, permits, contract, -application), size:+4, dept:+1"
50,10,1_New BSM Programmatic Inspection Tracker Updates.xls,xls,3484.5,Public Works,23-3094,https://sanfrancisco.nextrequest.com/requests/23-3094,https://sanfrancisco.nextrequest.com/documents/21592581/download,false,,"tracker, request-context:+4 (complaint, complaints, violation, log, logs, records, permits, contract, -application), size:+4, dept:+1"
51,10,2_BSM Programmatic Inspection Tracker.xls,xls,3438.5,Public Works,23-3094,https://sanfrancisco.nextrequest.com/requests/23-3094,https://sanfrancisco.nextrequest.com/documents/21586974/download,false,,"tracker, request-context:+4 (complaint, complaints, violation, log, logs, records, permits, contract, -application), size:+4, dept:+1"
52,10,2_BSM Programmatic Inspection Tracker.xls,xls,3440.5,Public Works,23-3094,https://sanfrancisco.nextrequest.com/requests/23-3094,https://sanfrancisco.nextrequest.com/documents/21592676/download,false,,"tracker, request-context:+4 (complaint, complaints, violation, log, logs, records, permits, contract, -application), size:+4, dept:+1"
53,10,2025 DIST - Direct Charges Detailed.csv,csv,87072.6,Controller,26-7464,https://sanfrancisco.nextrequest.com/requests/26-7464,https://sanfrancisco.nextrequest.com/documents/68791857/download,false,,"request-context:+4 (audit, database, records, -form), size:+5, dept:+1"
54,9,Supplier Payments_EPISCOPAL.xlsx,xlsx,22.8,Controller,23-5031,https://sanfrancisco.nextrequest.com/requests/23-5031,https://sanfrancisco.nextrequest.com/documents/25095036/download,false,,"payments, request-context:+4 (complaint, complaints, investigation, log, records, -form), size:+2, dept:+1"
55,9,Bag and Tag Logs  2022_redacted.xlsx,xlsx,98.6,Public Works,25-449,https://sanfrancisco.nextrequest.com/requests/25-449,https://sanfrancisco.nextrequest.com/documents/41871798/download,false,,"log, logs, request-context:+3 (log, logs, export, records, -form, -copy), size:+2, dept:+1"
56,9,BUF inventory 2-6-2026.xlsx,xlsx,28.6,Public Works,26-981,https://sanfrancisco.nextrequest.com/requests/26-981,https://sanfrancisco.nextrequest.com/documents/59167255/download,false,,"inventory, request-context:+4 (inventory, database, log, export, records, -form, -certificate, -license), size:+2, dept:+1"
57,9,1_SPOT SEWER Asset spreadsheet_C29 PROGRESS PAYMENTS.xlsx,xlsx,52.6,Public Works,23-3094,https://sanfrancisco.nextrequest.com/requests/23-3094,https://sanfrancisco.nextrequest.com/documents/21589596/download,false,,"payments, request-context:+4 (complaint, complaints, violation, log, logs, records, permits, contract, -application), size:+2, dept:+1"
58,9,1_SPOT SEWER Asset spreadsheet_C29 PROGRESS PAYMENTS.xlsx,xlsx,52.6,Public Works,23-3094,https://sanfrancisco.nextrequest.com/requests/23-3094,https://sanfrancisco.nextrequest.com/documents/21586491/download,false,,"payments, request-context:+4 (complaint, complaints, violation, log, logs, records, permits, contract, -application), size:+2, dept:+1"
59,9,Post Audit notes.xlsx,xlsx,103.2,Controller,25-7557,https://sanfrancisco.nextrequest.com/requests/25-7557,https://sanfrancisco.nextrequest.com/documents/53348166/download,false,,"audit, request-context:+4 (transactions, transaction, reimbursement, audit, inventory, roster, log, logs, records, vendor, contract, payments, -template, -form, -invoice, -receipt, -signature, -sample, -test, -duplicate), size:+2, dept:+1"
60,9,1_SPOT SEWER Asset spreadsheet_C29 PROGRESS PAYMENTS.xlsx,xlsx,52.6,Public Works,23-3094,https://sanfrancisco.nextrequest.com/requests/23-3094,https://sanfrancisco.nextrequest.com/documents/21586459/download,false,,"payments, request-context:+4 (complaint, complaints, violation, log, logs, records, permits, contract, -application), size:+2, dept:+1"
61,9,export-Permit Manager-2024-07-31.xlsx,xlsx,633.1,"Public Health: Other, Public Health: Food Safety and Facilities",24-4594,https://sanfrancisco.nextrequest.com/requests/24-4594,https://sanfrancisco.nextrequest.com/documents/36694289/download,false,,"export, request-context:+4 (complaint, complaints, violation, violations, inspections), size:+3, dept:+1"
62,9,MASTER Log.xlsx,xlsx,237.1,Public Works,24-6236,https://sanfrancisco.nextrequest.com/requests/24-6236,https://sanfrancisco.nextrequest.com/documents/39767775/download,false,,"log, request-context:+4 (complaint, complaints, incident, inspections, contract, -invoice), size:+3, dept:+1"
63,9,2_Year-end request log 2022.xlsx,xlsx,312.6,Public Works,23-1090,https://sanfrancisco.nextrequest.com/requests/23-1090,https://sanfrancisco.nextrequest.com/documents/18269849/download,false,,"log, request-context:+4 (lawsuit, log), size:+3, dept:+1"
64,9,2_ATTACHMENT 32 - LEED Material Inventory.xlsx,xlsx,675.8,Public Works,24-1499,https://sanfrancisco.nextrequest.com/requests/24-1499,https://sanfrancisco.nextrequest.com/documents/31230044/download,false,,"inventory, request-context:+3 (complaint, records, -form), size:+3, dept:+1"
65,9,2_ATTACHMENT 32 - LEED Material Inventory.xlsx,xlsx,675.8,Public Works,24-1499,https://sanfrancisco.nextrequest.com/requests/24-1499,https://sanfrancisco.nextrequest.com/documents/31229586/download,false,,"inventory, request-context:+3 (complaint, records, -form), size:+3, dept:+1"
66,9,2022 HPF Comments Log.xlsx,xlsx,302.0,Public Works,25-2824,https://sanfrancisco.nextrequest.com/requests/25-2824,https://sanfrancisco.nextrequest.com/documents/45245451/download,false,,"log, request-context:+4 (expense, expenses, overtime, payroll, reimbursement, records, permits, -form, -invoice, -receipt), size:+3, dept:+1"
67,9,2022 HPF Comments Log.xlsx,xlsx,468.3,Public Works,25-2824,https://sanfrancisco.nextrequest.com/requests/25-2824,https://sanfrancisco.nextrequest.com/documents/45245461/download,false,,"log, request-context:+4 (expense, expenses, overtime, payroll, reimbursement, records, permits, -form, -invoice, -receipt), size:+3, dept:+1"
68,9,2022 HPF Comments Log (3).xlsx,xlsx,324.9,Public Works,25-2824,https://sanfrancisco.nextrequest.com/requests/25-2824,https://sanfrancisco.nextrequest.com/documents/45245549/download,false,,"log, request-context:+4 (expense, expenses, overtime, payroll, reimbursement, records, permits, -form, -invoice, -receipt), size:+3, dept:+1"
69,9,2022 HPF Comments Log (2).xlsx,xlsx,318.6,Public Works,25-2824,https://sanfrancisco.nextrequest.com/requests/25-2824,https://sanfrancisco.nextrequest.com/documents/45245545/download,false,,"log, request-context:+4 (expense, expenses, overtime, payroll, reimbursement, records, permits, -form, -invoice, -receipt), size:+3, dept:+1"
70,9,2022 HPF Comments Log (5).xlsx,xlsx,460.5,Public Works,25-2824,https://sanfrancisco.nextrequest.com/requests/25-2824,https://sanfrancisco.nextrequest.com/documents/45245556/download,false,,"log, request-context:+4 (expense, expenses, overtime, payroll, reimbursement, records, permits, -form, -invoice, -receipt), size:+3, dept:+1"
71,9,07.01.23 - 06.30.24 HPF Comments Log (2).xlsx,xlsx,626.2,Public Works,25-2824,https://sanfrancisco.nextrequest.com/requests/25-2824,https://sanfrancisco.nextrequest.com/documents/45245564/download,false,,"log, request-context:+4 (expense, expenses, overtime, payroll, reimbursement, records, permits, -form, -invoice, -receipt), size:+3, dept:+1"
72,9,March2022 HPF Comments Log.xlsx,xlsx,311.4,Public Works,25-2824,https://sanfrancisco.nextrequest.com/requests/25-2824,https://sanfrancisco.nextrequest.com/documents/45245662/download,false,,"log, request-context:+4 (expense, expenses, overtime, payroll, reimbursement, records, permits, -form, -invoice, -receipt), size:+3, dept:+1"
73,9,2022 HPF Comments Log (1).xlsx,xlsx,302.0,Public Works,25-2824,https://sanfrancisco.nextrequest.com/requests/25-2824,https://sanfrancisco.nextrequest.com/documents/45245479/download,false,,"log, request-context:+4 (expense, expenses, overtime, payroll, reimbursement, records, permits, -form, -invoice, -receipt), size:+3, dept:+1"
74,9,2023 HPF Comments Log.xlsx,xlsx,405.8,Public Works,25-2824,https://sanfrancisco.nextrequest.com/requests/25-2824,https://sanfrancisco.nextrequest.com/documents/45245521/download,false,,"log, request-context:+4 (expense, expenses, overtime, payroll, reimbursement, records, permits, -form, -invoice, -receipt), size:+3, dept:+1"
75,9,07.01.23 - 06.30.24 HPF Comments Log.xlsx,xlsx,598.9,Public Works,25-2824,https://sanfrancisco.nextrequest.com/requests/25-2824,https://sanfrancisco.nextrequest.com/documents/45245638/download,false,,"log, request-context:+4 (expense, expenses, overtime, payroll, reimbursement, records, permits, -form, -invoice, -receipt), size:+3, dept:+1"
76,9,2023 HPF Comments Log.xlsx,xlsx,401.5,Public Works,25-2824,https://sanfrancisco.nextrequest.com/requests/25-2824,https://sanfrancisco.nextrequest.com/documents/45245507/download,false,,"log, request-context:+4 (expense, expenses, overtime, payroll, reimbursement, records, permits, -form, -invoice, -receipt), size:+3, dept:+1"
77,9,2022 HPF Comments Log (2).xlsx,xlsx,461.5,Public Works,25-2824,https://sanfrancisco.nextrequest.com/requests/25-2824,https://sanfrancisco.nextrequest.com/documents/45245574/download,false,,"log, request-context:+4 (expense, expenses, overtime, payroll, reimbursement, records, permits, -form, -invoice, -receipt), size:+3, dept:+1"
78,9,07.01.23 - 06.30.24 HPF Comments Log (3).xlsx,xlsx,632.6,Public Works,25-2824,https://sanfrancisco.nextrequest.com/requests/25-2824,https://sanfrancisco.nextrequest.com/documents/45245615/download,false,,"log, request-context:+4 (expense, expenses, overtime, payroll, reimbursement, records, permits, -form, -invoice, -receipt), size:+3, dept:+1"
79,9,2022 HPF Comments Log (3).xlsx,xlsx,475.7,Public Works,25-2824,https://sanfrancisco.nextrequest.com/requests/25-2824,https://sanfrancisco.nextrequest.com/documents/45245655/download,false,,"log, request-context:+4 (expense, expenses, overtime, payroll, reimbursement, records, permits, -form, -invoice, -receipt), size:+3, dept:+1"
80,9,2022 HPF Comments Log.xlsx,xlsx,290.4,Public Works,25-2824,https://sanfrancisco.nextrequest.com/requests/25-2824,https://sanfrancisco.nextrequest.com/documents/45245489/download,false,,"log, request-context:+4 (expense, expenses, overtime, payroll, reimbursement, records, permits, -form, -invoice, -receipt), size:+3, dept:+1"
81,9,2022 HPF Comments Log (4).xlsx,xlsx,454.8,Public Works,25-2824,https://sanfrancisco.nextrequest.com/requests/25-2824,https://sanfrancisco.nextrequest.com/documents/45245594/download,false,,"log, request-context:+4 (expense, expenses, overtime, payroll, reimbursement, records, permits, -form, -invoice, -receipt), size:+3, dept:+1"
82,9,"Records Request #25-3082 BSES BT 2.15.25_4.24.25.xlsx",xlsx,792.8,Public Works,25-3082,https://sanfrancisco.nextrequest.com/requests/25-3082,https://sanfrancisco.nextrequest.com/documents/45463959/download,false,,"records, request-context:+4 (incident, database, export, records, dispatch), size:+3, dept:+1"
83,9,2022 HPF Comments Log (3).xlsx,xlsx,475.7,Public Works,25-2824,https://sanfrancisco.nextrequest.com/requests/25-2824,https://sanfrancisco.nextrequest.com/documents/45245656/download,false,,"log, request-context:+4 (expense, expenses, overtime, payroll, reimbursement, records, permits, -form, -invoice, -receipt), size:+3, dept:+1"
84,9,2022 HPF Comments Log (5).xlsx,xlsx,463.4,Public Works,25-2824,https://sanfrancisco.nextrequest.com/requests/25-2824,https://sanfrancisco.nextrequest.com/documents/45245626/download,false,,"log, request-context:+4 (expense, expenses, overtime, payroll, reimbursement, records, permits, -form, -invoice, -receipt), size:+3, dept:+1"
85,9,"Records Request #25-3082 BSES ENC 2.15.25_4.24.25.xlsx",xlsx,1243.5,Public Works,25-3082,https://sanfrancisco.nextrequest.com/requests/25-3082,https://sanfrancisco.nextrequest.com/documents/45463960/download,false,,"records, request-context:+4 (incident, database, export, records, dispatch), size:+3, dept:+1"
86,9,1_Comprehensive Vertical Tracker 4.7.20.xlsx,xlsx,1977.0,Public Works,24-2661,https://sanfrancisco.nextrequest.com/requests/24-2661,https://sanfrancisco.nextrequest.com/documents/33336123/download,false,,"tracker, request-context:+4 (complaint, complaints, violation, log, logs, records, permits, contract, -application), size:+3, dept:+1"
87,9,1_Comprehensive Vertical Tracker 4.7.20.xlsx,xlsx,1977.0,Public Works,24-2661,https://sanfrancisco.nextrequest.com/requests/24-2661,https://sanfrancisco.nextrequest.com/documents/33336145/download,false,,"tracker, request-context:+4 (complaint, complaints, violation, log, logs, records, permits, contract, -application), size:+3, dept:+1"
88,9,1_Comprehensive Vertical Tracker 4.7.20.xlsx,xlsx,1977.0,Public Works,24-2661,https://sanfrancisco.nextrequest.com/requests/24-2661,https://sanfrancisco.nextrequest.com/documents/33336134/download,false,,"tracker, request-context:+4 (complaint, complaints, violation, log, logs, records, permits, contract, -application), size:+3, dept:+1"
89,9,"BSES Public Records Request #24-6579.xlsx",xlsx,2870.7,Public Works,24-6579,https://sanfrancisco.nextrequest.com/requests/24-6579,https://sanfrancisco.nextrequest.com/documents/39685960/download,false,,"records, request-context:+3 (database, export), size:+4, dept:+1"
90,9,Employer Cost Report FY23.xlsx,xlsx,4366.5,Controller,23-4196,https://sanfrancisco.nextrequest.com/requests/23-4196,https://sanfrancisco.nextrequest.com/documents/23176293/download,false,,"request-context:+4 (overtime, compensation, citation, database, dataset, -form), size:+4, dept:+1"
91,9,1_60637 Additional Street Space Paid.xlsx,xlsx,2262.1,Public Works,24-616,https://sanfrancisco.nextrequest.com/requests/24-616,https://sanfrancisco.nextrequest.com/documents/29269196/download,false,,"request-context:+4 (complaint, violation, violations, records, permits), size:+4, dept:+1"
92,9,2_SuperBowl50Permits_040716.xlsx,xlsx,7732.7,Public Works,24-5078,https://sanfrancisco.nextrequest.com/requests/24-5078,https://sanfrancisco.nextrequest.com/documents/37257629/download,false,,"permits, request-context:+3 (log, logs), size:+4, dept:+1"
93,9,"5_Display, FoodFac, TablesChairs - SuperBowl50Permits3 14 16.xlsx",xlsx,8560.1,Public Works,24-5078,https://sanfrancisco.nextrequest.com/requests/24-5078,https://sanfrancisco.nextrequest.com/documents/37257777/download,false,,"permits, request-context:+3 (log, logs), size:+4, dept:+1"
94,9,TransCA LGCR CY 2023.xlsx,xlsx,4618.0,Controller,24-2559,https://sanfrancisco.nextrequest.com/requests/24-2559,https://sanfrancisco.nextrequest.com/documents/33443909/download,false,,"request-context:+4 (salary, overtime, compensation, records, -form, -copy), size:+4, dept:+1"
95,9,1_ACC Submittal Log 2019.05.23_Cx Scope.xlsx,xlsx,2826.7,Public Works,24-1499,https://sanfrancisco.nextrequest.com/requests/24-1499,https://sanfrancisco.nextrequest.com/documents/31229638/download,false,,"log, request-context:+3 (complaint, records, -form), size:+4, dept:+1"
96,9,1_ACC Submittal Log 2019.05.23_Cx Scope_For review.xlsx,xlsx,2827.0,Public Works,24-1499,https://sanfrancisco.nextrequest.com/requests/24-1499,https://sanfrancisco.nextrequest.com/documents/31229656/download,false,,"log, request-context:+3 (complaint, records, -form), size:+4, dept:+1"
97,9,3_ACC Submittal Log 2019.05.23_Cx Scope_For review.xlsx,xlsx,2827.0,Public Works,24-1499,https://sanfrancisco.nextrequest.com/requests/24-1499,https://sanfrancisco.nextrequest.com/documents/31229808/download,false,,"log, request-context:+3 (complaint, records, -form), size:+4, dept:+1"
98,9,5_ACC Submittal Log 2019.05.23_Cx Scope_For review.xlsx,xlsx,2827.0,Public Works,24-1499,https://sanfrancisco.nextrequest.com/requests/24-1499,https://sanfrancisco.nextrequest.com/documents/31230168/download,false,,"log, request-context:+3 (complaint, records, -form), size:+4, dept:+1"
99,9,1_ACC Submittal Log 2019.05.23_Cx Scope_For review.xlsx,xlsx,2827.0,Public Works,24-1499,https://sanfrancisco.nextrequest.com/requests/24-1499,https://sanfrancisco.nextrequest.com/documents/31230195/download,false,,"log, request-context:+3 (complaint, records, -form), size:+4, dept:+1"
100,9,3_ACC Submittal Log 2019.05.23_Cx Scope_For review.xlsx,xlsx,2827.0,Public Works,24-1499,https://sanfrancisco.nextrequest.com/requests/24-1499,https://sanfrancisco.nextrequest.com/documents/31230246/download,false,,"log, request-context:+3 (complaint, records, -form), size:+4, dept:+1"
101,9,2_ACC Submittal Log 2019.05.23.xlsx,xlsx,2825.3,Public Works,24-1499,https://sanfrancisco.nextrequest.com/requests/24-1499,https://sanfrancisco.nextrequest.com/documents/31229647/download,false,,"log, request-context:+3 (complaint, records, -form), size:+4, dept:+1"
102,9,5_ACC Submittal Log 2019.05.23_Cx Scope_For review.xlsx,xlsx,2827.0,Public Works,24-1499,https://sanfrancisco.nextrequest.com/requests/24-1499,https://sanfrancisco.nextrequest.com/documents/31229651/download,false,,"log, request-context:+3 (complaint, records, -form), size:+4, dept:+1"
103,9,5_ACC Submittal Log 2019.05.23_Cx Scope_For review.xlsx,xlsx,2827.0,Public Works,24-1499,https://sanfrancisco.nextrequest.com/requests/24-1499,https://sanfrancisco.nextrequest.com/documents/31230040/download,false,,"log, request-context:+3 (complaint, records, -form), size:+4, dept:+1"
104,9,2_ACC Submittal Log 2019.05.23_Cx Scope_For review.xlsx,xlsx,2827.0,Public Works,24-1499,https://sanfrancisco.nextrequest.com/requests/24-1499,https://sanfrancisco.nextrequest.com/documents/31230199/download,false,,"log, request-context:+3 (complaint, records, -form), size:+4, dept:+1"
105,9,1_ACC Submittal Log 2019.05.23_Cx Scope.xlsx,xlsx,2826.7,Public Works,24-1499,https://sanfrancisco.nextrequest.com/requests/24-1499,https://sanfrancisco.nextrequest.com/documents/31230205/download,false,,"log, request-context:+3 (complaint, records, -form), size:+4, dept:+1"
106,9,1_ACC Submittal Log 2019.05.23_Cx Scope_For review.xlsx,xlsx,2827.0,Public Works,24-1499,https://sanfrancisco.nextrequest.com/requests/24-1499,https://sanfrancisco.nextrequest.com/documents/31230225/download,false,,"log, request-context:+3 (complaint, records, -form), size:+4, dept:+1"
107,8,GAINEZ Citations Issued.xlsx,xlsx,11.4,San Francisco Municipal Transportation Agency (SFMTA),24-6646,https://sanfrancisco.nextrequest.com/requests/24-6646,https://sanfrancisco.nextrequest.com/documents/40344099/download,false,,"citation, citations, request-context:+4 (complaint, complaints, violation, violations, citation, citations, misconduct, disciplinary, investigation, ethics, log, records, -form, -license)"
108,8,Export Summary 03.16.2021-1113AM.csv,csv,31.8,Public Works,21-1148,https://sanfrancisco.nextrequest.com/requests/21-1148,https://sanfrancisco.nextrequest.com/documents/6888795/download,false,,"export, request-context:+4 (complaint, complaints, violation, misconduct, log, records, -form, -receipt, -signature, -copy), size:+2, dept:+1"
109,8,AP Payment Outstanding Checks for Public Records Request 06.25-2024.xlsx,xlsx,134.9,Controller,24-3581,https://sanfrancisco.nextrequest.com/requests/24-3581,https://sanfrancisco.nextrequest.com/documents/35546094/download,false,,"records, request-context:+4 (payroll, settlement, payments, -receipt), size:+2, dept:+1"
110,8,1.17 O.2 Corporate Services Expenses.xlsx,xlsx,109.0,Controller,24-667,https://sanfrancisco.nextrequest.com/requests/24-667,https://sanfrancisco.nextrequest.com/documents/29835647/download,false,,"expense, expenses, request-context:-1 (log, -agenda, -minutes), size:+2, dept:+1"
111,8,Depreciation Expenses for RY2020 and RY2021.xlsx,xlsx,107.5,Controller,24-667,https://sanfrancisco.nextrequest.com/requests/24-667,https://sanfrancisco.nextrequest.com/documents/29835656/download,false,,"expense, expenses, request-context:-1 (log, -agenda, -minutes), size:+2, dept:+1"
112,8,3.032 - O.1 Professional Services Expenses (1).xlsx,xlsx,110.6,Controller,24-667,https://sanfrancisco.nextrequest.com/requests/24-667,https://sanfrancisco.nextrequest.com/documents/29835649/download,false,,"expense, expenses, request-context:-1 (log, -agenda, -minutes), size:+2, dept:+1"
113,8,3.057 - J.2 Detailed Capital and Lease Expenses (1).xlsx,xlsx,21.9,Controller,24-667,https://sanfrancisco.nextrequest.com/requests/24-667,https://sanfrancisco.nextrequest.com/documents/29835790/download,false,,"expense, expenses, request-context:-1 (log, -agenda, -minutes), size:+2, dept:+1"
114,8,3.032 - O.1 Professional Services Expenses (1).xlsx,xlsx,110.6,Controller,24-667,https://sanfrancisco.nextrequest.com/requests/24-667,https://sanfrancisco.nextrequest.com/documents/29835789/download,false,,"expense, expenses, request-context:-1 (log, -agenda, -minutes), size:+2, dept:+1"
115,8,3.057 - J.2 Detailed Capital and Lease Expenses (1).xlsx,xlsx,21.9,Controller,24-667,https://sanfrancisco.nextrequest.com/requests/24-667,https://sanfrancisco.nextrequest.com/documents/29835650/download,false,,"expense, expenses, request-context:-1 (log, -agenda, -minutes), size:+2, dept:+1"
116,8,3.065 and 3.066 K.1 Insurance Expenses.xlsx,xlsx,104.8,Controller,24-667,https://sanfrancisco.nextrequest.com/requests/24-667,https://sanfrancisco.nextrequest.com/documents/29835652/download,false,,"expense, expenses, request-context:-1 (log, -agenda, -minutes), size:+2, dept:+1"
117,8,Contract Data +$2M.xlsx,xlsx,39.6,Public Works,25-3786,https://sanfrancisco.nextrequest.com/requests/25-3786,https://sanfrancisco.nextrequest.com/documents/46229410/download,false,,"contract, request-context:+4 (expense, records, contract, -form), size:+2, dept:+1"
118,8,1.17 O.2 Corporate Services Expenses.xlsx,xlsx,105.4,Controller,24-667,https://sanfrancisco.nextrequest.com/requests/24-667,https://sanfrancisco.nextrequest.com/documents/29835763/download,false,,"expense, expenses, request-context:-1 (log, -agenda, -minutes), size:+2, dept:+1"
119,8,Depreciation Expenses for RY2020 and RY2021.xlsx,xlsx,107.3,Controller,24-667,https://sanfrancisco.nextrequest.com/requests/24-667,https://sanfrancisco.nextrequest.com/documents/29835781/download,false,,"expense, expenses, request-context:-1 (log, -agenda, -minutes), size:+2, dept:+1"
120,8,Reconciliation of RSF Expenses.xlsx,xlsx,118.3,Controller,24-667,https://sanfrancisco.nextrequest.com/requests/24-667,https://sanfrancisco.nextrequest.com/documents/29835577/download,false,,"expense, expenses, request-context:-1 (log, -agenda, -minutes), size:+2, dept:+1"
121,8,permit.xls.xlsx,xlsx,36.1,Public Works,24-6408,https://sanfrancisco.nextrequest.com/requests/24-6408,https://sanfrancisco.nextrequest.com/documents/39645971/download,false,,"permits, request-context:+4 (complaint, complaints, arrest, records, permits), size:+2, dept:+1"
122,8,3_FieldCheck Audit.xlsx,xlsx,22.2,Public Works,24-1499,https://sanfrancisco.nextrequest.com/requests/24-1499,https://sanfrancisco.nextrequest.com/documents/31230074/download,false,,"audit, request-context:+3 (complaint, records, -form), size:+2, dept:+1"
123,8,3_FieldCheck Audit.xlsx,xlsx,22.2,Public Works,24-1499,https://sanfrancisco.nextrequest.com/requests/24-1499,https://sanfrancisco.nextrequest.com/documents/31230172/download,false,,"audit, request-context:+3 (complaint, records, -form), size:+2, dept:+1"
124,8,08.24 - 06.25 HPF Comments Log (1).xlsx,xlsx,97.8,Public Works,25-2824,https://sanfrancisco.nextrequest.com/requests/25-2824,https://sanfrancisco.nextrequest.com/documents/45245347/download,false,,"log, request-context:+4 (expense, expenses, overtime, payroll, reimbursement, records, permits, -form, -invoice, -receipt), size:+2, dept:+1"
125,8,08.24 - 06.25 HPF Comments Log (2).xlsx,xlsx,98.1,Public Works,25-2824,https://sanfrancisco.nextrequest.com/requests/25-2824,https://sanfrancisco.nextrequest.com/documents/45245353/download,false,,"log, request-context:+4 (expense, expenses, overtime, payroll, reimbursement, records, permits, -form, -invoice, -receipt), size:+2, dept:+1"
126,8,08.24 - 06.25 HPF Comments Log (3).xlsx,xlsx,97.8,Public Works,25-2824,https://sanfrancisco.nextrequest.com/requests/25-2824,https://sanfrancisco.nextrequest.com/documents/45245445/download,false,,"log, request-context:+4 (expense, expenses, overtime, payroll, reimbursement, records, permits, -form, -invoice, -receipt), size:+2, dept:+1"
127,8,3_FieldCheck Audit.xlsx,xlsx,22.2,Public Works,24-1499,https://sanfrancisco.nextrequest.com/requests/24-1499,https://sanfrancisco.nextrequest.com/documents/31230079/download,false,,"audit, request-context:+3 (complaint, records, -form), size:+2, dept:+1"
128,8,08.24 - 06.25 HPF Comments Log.xlsx,xlsx,96.5,Public Works,25-2824,https://sanfrancisco.nextrequest.com/requests/25-2824,https://sanfrancisco.nextrequest.com/documents/45245436/download,false,,"log, request-context:+4 (expense, expenses, overtime, payroll, reimbursement, records, permits, -form, -invoice, -receipt), size:+2, dept:+1"
129,8,3_FieldCheck Audit.xlsx,xlsx,22.2,Public Works,24-1499,https://sanfrancisco.nextrequest.com/requests/24-1499,https://sanfrancisco.nextrequest.com/documents/31229702/download,false,,"audit, request-context:+3 (complaint, records, -form), size:+2, dept:+1"
130,8,08.24 - 06.25 HPF Comments Log (3).xlsx,xlsx,97.8,Public Works,25-2824,https://sanfrancisco.nextrequest.com/requests/25-2824,https://sanfrancisco.nextrequest.com/documents/45245349/download,false,,"log, request-context:+4 (expense, expenses, overtime, payroll, reimbursement, records, permits, -form, -invoice, -receipt), size:+2, dept:+1"
131,8,08.24 - 06.25 HPF Comments Log.xlsx,xlsx,96.5,Public Works,25-2824,https://sanfrancisco.nextrequest.com/requests/25-2824,https://sanfrancisco.nextrequest.com/documents/45245430/download,false,,"log, request-context:+4 (expense, expenses, overtime, payroll, reimbursement, records, permits, -form, -invoice, -receipt), size:+2, dept:+1"
132,8,08.24 - 06.25 HPF Comments Log (2).xlsx,xlsx,98.1,Public Works,25-2824,https://sanfrancisco.nextrequest.com/requests/25-2824,https://sanfrancisco.nextrequest.com/documents/45245584/download,false,,"log, request-context:+4 (expense, expenses, overtime, payroll, reimbursement, records, permits, -form, -invoice, -receipt), size:+2, dept:+1"
133,8,08.24 - 06.25 HPF Comments Log.xlsx,xlsx,96.8,Public Works,25-2824,https://sanfrancisco.nextrequest.com/requests/25-2824,https://sanfrancisco.nextrequest.com/documents/45245513/download,false,,"log, request-context:+4 (expense, expenses, overtime, payroll, reimbursement, records, permits, -form, -invoice, -receipt), size:+2, dept:+1"
134,8,2_PG_E Programmatic Inspections Beginning 7.20.20-7.31.20.xlsx,xlsx,21.7,Public Works,23-3094,https://sanfrancisco.nextrequest.com/requests/23-3094,https://sanfrancisco.nextrequest.com/documents/21586562/download,false,,"inspections, request-context:+4 (complaint, complaints, violation, log, logs, records, permits, contract, -application), size:+2, dept:+1"
135,8,08.24 - 06.25 HPF Comments Log (1).xlsx,xlsx,97.8,Public Works,25-2824,https://sanfrancisco.nextrequest.com/requests/25-2824,https://sanfrancisco.nextrequest.com/documents/45245677/download,false,,"log, request-context:+4 (expense, expenses, overtime, payroll, reimbursement, records, permits, -form, -invoice, -receipt), size:+2, dept:+1"
136,8,08.24 - 06.25 HPF Comments Log.xlsx,xlsx,101.7,Public Works,25-2824,https://sanfrancisco.nextrequest.com/requests/25-2824,https://sanfrancisco.nextrequest.com/documents/45245610/download,false,,"log, request-context:+4 (expense, expenses, overtime, payroll, reimbursement, records, permits, -form, -invoice, -receipt), size:+2, dept:+1"
137,8,08.24 - 06.25 HPF Comments Log (1).xlsx,xlsx,97.8,Public Works,25-2824,https://sanfrancisco.nextrequest.com/requests/25-2824,https://sanfrancisco.nextrequest.com/documents/45245647/download,false,,"log, request-context:+4 (expense, expenses, overtime, payroll, reimbursement, records, permits, -form, -invoice, -receipt), size:+2, dept:+1"
138,8,08.24 - 06.25 HPF Comments Log (4).xlsx,xlsx,101.7,Public Works,25-2824,https://sanfrancisco.nextrequest.com/requests/25-2824,https://sanfrancisco.nextrequest.com/documents/45245500/download,false,,"log, request-context:+4 (expense, expenses, overtime, payroll, reimbursement, records, permits, -form, -invoice, -receipt), size:+2, dept:+1"
139,8,0004I_SUBMITTAL_LOG.xlsx(1).xlsx(2).xlsx,xlsx,54.9,Public Works,22-1475,https://sanfrancisco.nextrequest.com/requests/22-1475,https://sanfrancisco.nextrequest.com/documents/13667535/download,false,,"log, request-context:+4 (discipline, log, logs, records, contract, -form), size:+2, dept:+1"
140,8,1_PG_E Programmatic Inspections Beginning 2.3.20-2.14.20.xlsx,xlsx,25.7,Public Works,23-3094,https://sanfrancisco.nextrequest.com/requests/23-3094,https://sanfrancisco.nextrequest.com/documents/21588101/download,false,,"inspections, request-context:+4 (complaint, complaints, violation, log, logs, records, permits, contract, -application), size:+2, dept:+1"
141,8,1_PG_E Programmatic Inspections Beginning 2.3.20-2.14.20.xlsx,xlsx,25.7,Public Works,23-3094,https://sanfrancisco.nextrequest.com/requests/23-3094,https://sanfrancisco.nextrequest.com/documents/21592836/download,false,,"inspections, request-context:+4 (complaint, complaints, violation, log, logs, records, permits, contract, -application), size:+2, dept:+1"
142,8,1_PG_E Programmatic Inspections Beginning 11.9.20-11.20.20.xlsx,xlsx,22.3,Public Works,23-3094,https://sanfrancisco.nextrequest.com/requests/23-3094,https://sanfrancisco.nextrequest.com/documents/21592847/download,false,,"inspections, request-context:+4 (complaint, complaints, violation, log, logs, records, permits, contract, -application), size:+2, dept:+1"
143,8,Remote PLANTING Hearings Scheduling Tracker for BUF.xlsx,xlsx,22.6,Public Works,25-8453,https://sanfrancisco.nextrequest.com/requests/25-8453,https://sanfrancisco.nextrequest.com/documents/55347629/download,false,,"tracker, request-context:+4 (inventory, database, records, -form), size:+2, dept:+1"
144,8,0004I_SUBMITTAL_LOG.xlsx,xlsx,38.7,Public Works,22-1475,https://sanfrancisco.nextrequest.com/requests/22-1475,https://sanfrancisco.nextrequest.com/documents/13537210/download,false,,"log, request-context:+4 (discipline, log, logs, records, contract, -form), size:+2, dept:+1"
145,8,0004i-Inspector Curb ramp Slope Record and SH inspections Tabulation.xlsx,xlsx,29.3,Public Works,22-1475,https://sanfrancisco.nextrequest.com/requests/22-1475,https://sanfrancisco.nextrequest.com/documents/12108873/download,false,,"inspections, request-context:+4 (discipline, log, logs, records, contract, -form), size:+2, dept:+1"
146,8,0004i-Inspector Curb ramp Slope Record and SH inspections Tabulation.xlsx,xlsx,29.3,Public Works,22-1475,https://sanfrancisco.nextrequest.com/requests/22-1475,https://sanfrancisco.nextrequest.com/documents/12240026/download,false,,"inspections, request-context:+4 (discipline, log, logs, records, contract, -form), size:+2, dept:+1"
147,8,0004I_SUBMITTAL_LOG.xlsx(1).xlsx,xlsx,38.7,Public Works,22-1475,https://sanfrancisco.nextrequest.com/requests/22-1475,https://sanfrancisco.nextrequest.com/documents/13609788/download,false,,"log, request-context:+4 (discipline, log, logs, records, contract, -form), size:+2, dept:+1"
148,8,1_PG_E Programmatic Inspections Beginning 2.3.20-2.14.20.xlsx,xlsx,25.7,Public Works,23-3094,https://sanfrancisco.nextrequest.com/requests/23-3094,https://sanfrancisco.nextrequest.com/documents/21587127/download,false,,"inspections, request-context:+4 (complaint, complaints, violation, log, logs, records, permits, contract, -application), size:+2, dept:+1"
149,8,0004i-Inspector Curb ramp Slope Record and SH inspections Tabulation.xlsx,xlsx,29.3,Public Works,22-1475,https://sanfrancisco.nextrequest.com/requests/22-1475,https://sanfrancisco.nextrequest.com/documents/12250097/download,false,,"inspections, request-context:+4 (discipline, log, logs, records, contract, -form), size:+2, dept:+1"
150,8,1_Recology expense baselines.xlsx,xlsx,40.8,Public Works,21-1789,https://sanfrancisco.nextrequest.com/requests/21-1789,https://sanfrancisco.nextrequest.com/documents/8574826/download,false,,"expense, log, request-context:+1 (log), size:+2, dept:+1"
151,8,0004i-Inspector Curb ramp Slope Record and SH inspections Tabulation.xlsx,xlsx,29.3,Public Works,22-1475,https://sanfrancisco.nextrequest.com/requests/22-1475,https://sanfrancisco.nextrequest.com/documents/13170471/download,false,,"inspections, request-context:+4 (discipline, log, logs, records, contract, -form), size:+2, dept:+1"
152,8,0004i-Inspector Curb ramp Slope Record and SH inspections Tabulation.xlsx,xlsx,29.3,Public Works,22-1475,https://sanfrancisco.nextrequest.com/requests/22-1475,https://sanfrancisco.nextrequest.com/documents/13623578/download,false,,"inspections, request-context:+4 (discipline, log, logs, records, contract, -form), size:+2, dept:+1"
153,8,0004i-Inspector Curb ramp Slope Record and SH inspections Tabulation.xlsx,xlsx,29.3,Public Works,22-1475,https://sanfrancisco.nextrequest.com/requests/22-1475,https://sanfrancisco.nextrequest.com/documents/13548235/download,false,,"inspections, request-context:+4 (discipline, log, logs, records, contract, -form), size:+2, dept:+1"
154,8,1_PG_E Programmatic Inspections Beginning 11.9.20-11.20.20.xlsx,xlsx,22.3,Public Works,23-3094,https://sanfrancisco.nextrequest.com/requests/23-3094,https://sanfrancisco.nextrequest.com/documents/21588391/download,false,,"inspections, request-context:+4 (complaint, complaints, violation, log, logs, records, permits, contract, -application), size:+2, dept:+1"
155,8,2_PG_E Programmatic Inspections Beginning 7.20.20-7.31.20.xlsx,xlsx,21.7,Public Works,23-3094,https://sanfrancisco.nextrequest.com/requests/23-3094,https://sanfrancisco.nextrequest.com/documents/21591675/download,false,,"inspections, request-context:+4 (complaint, complaints, violation, log, logs, records, permits, contract, -application), size:+2, dept:+1"
156,8,0004I Change Order Log.xlsx(1).xlsx,xlsx,45.5,Public Works,22-1475,https://sanfrancisco.nextrequest.com/requests/22-1475,https://sanfrancisco.nextrequest.com/documents/13606703/download,false,,"log, request-context:+4 (discipline, log, logs, records, contract, -form), size:+2, dept:+1"
157,8,RT_DT_0004i-Inspector Curb ramp Slope Record and SH inspections Tabulation.xlsx,xlsx,29.9,Public Works,22-1475,https://sanfrancisco.nextrequest.com/requests/22-1475,https://sanfrancisco.nextrequest.com/documents/13544072/download,false,,"inspections, request-context:+4 (discipline, log, logs, records, contract, -form), size:+2, dept:+1"
158,8,3_MAY - Field Expense Report 021120 (with Rate .575).xlsx,xlsx,28.7,Arts Commission,25-9577,https://sanfrancisco.nextrequest.com/requests/25-9577,https://sanfrancisco.nextrequest.com/documents/56571020/download,false,,"expense, request-context:+3 (audit, log, dataset, records, -form, -test), size:+2"
159,8,1_PG_E Programmatic Inspections Beginning 11.9.20-11.20.20.xlsx,xlsx,22.3,Public Works,23-3094,https://sanfrancisco.nextrequest.com/requests/23-3094,https://sanfrancisco.nextrequest.com/documents/21586705/download,false,,"inspections, request-context:+4 (complaint, complaints, violation, log, logs, records, permits, contract, -application), size:+2, dept:+1"
160,8,1_PG_E Programmatic Inspections Beginning 2.3.20-2.14.20.xlsx,xlsx,22.4,Public Works,23-3094,https://sanfrancisco.nextrequest.com/requests/23-3094,https://sanfrancisco.nextrequest.com/documents/21587302/download,false,,"inspections, request-context:+4 (complaint, complaints, violation, log, logs, records, permits, contract, -application), size:+2, dept:+1"
161,8,2_PG_E Programmatic Inspections Beginning 7.20.20-7.31.20.xlsx,xlsx,21.7,Public Works,23-3094,https://sanfrancisco.nextrequest.com/requests/23-3094,https://sanfrancisco.nextrequest.com/documents/21588752/download,false,,"inspections, request-context:+4 (complaint, complaints, violation, log, logs, records, permits, contract, -application), size:+2, dept:+1"
162,8,2_PG_E Programmatic Inspections Beginning 7.20.20-7.31.20.xlsx,xlsx,21.7,Public Works,23-3094,https://sanfrancisco.nextrequest.com/requests/23-3094,https://sanfrancisco.nextrequest.com/documents/21588898/download,false,,"inspections, request-context:+4 (complaint, complaints, violation, log, logs, records, permits, contract, -application), size:+2, dept:+1"
163,8,1_PG_E Programmatic Inspections Beginning 11.9.20-11.20.20.xlsx,xlsx,22.3,Public Works,23-3094,https://sanfrancisco.nextrequest.com/requests/23-3094,https://sanfrancisco.nextrequest.com/documents/21588905/download,false,,"inspections, request-context:+4 (complaint, complaints, violation, log, logs, records, permits, contract, -application), size:+2, dept:+1"
164,8,1_PG_E Programmatic Inspections Beginning 2.3.20-2.14.20.xlsx,xlsx,22.4,Public Works,23-3094,https://sanfrancisco.nextrequest.com/requests/23-3094,https://sanfrancisco.nextrequest.com/documents/21592093/download,false,,"inspections, request-context:+4 (complaint, complaints, violation, log, logs, records, permits, contract, -application), size:+2, dept:+1"
165,8,1_3.032 - O.1 Professional Services Expenses (1).xlsx,xlsx,110.8,Controller,24-667,https://sanfrancisco.nextrequest.com/requests/24-667,https://sanfrancisco.nextrequest.com/documents/30379785/download,false,,"expense, expenses, request-context:-1 (log, -agenda, -minutes), size:+2, dept:+1"
166,8,0004i-Inspector Curb ramp Slope Record and SH inspections Tabulation.xlsx(1).xlsx(2).xlsx,xlsx,29.4,Public Works,22-1475,https://sanfrancisco.nextrequest.com/requests/22-1475,https://sanfrancisco.nextrequest.com/documents/13611259/download,false,,"inspections, request-context:+4 (discipline, log, logs, records, contract, -form), size:+2, dept:+1"
167,8,0004I Change Order Log.xlsx,xlsx,45.5,Public Works,22-1475,https://sanfrancisco.nextrequest.com/requests/22-1475,https://sanfrancisco.nextrequest.com/documents/13539070/download,false,,"log, request-context:+4 (discipline, log, logs, records, contract, -form), size:+2, dept:+1"
168,8,2_PG_E Programmatic Inspections Beginning 7.20.20-7.31.20.xlsx,xlsx,21.7,Public Works,23-3094,https://sanfrancisco.nextrequest.com/requests/23-3094,https://sanfrancisco.nextrequest.com/documents/21586767/download,false,,"inspections, request-context:+4 (complaint, complaints, violation, log, logs, records, permits, contract, -application), size:+2, dept:+1"
169,8,1_PG_E Programmatic Inspections Beginning 2.3.20-2.14.20.xlsx,xlsx,22.4,Public Works,23-3094,https://sanfrancisco.nextrequest.com/requests/23-3094,https://sanfrancisco.nextrequest.com/documents/21588771/download,false,,"inspections, request-context:+4 (complaint, complaints, violation, log, logs, records, permits, contract, -application), size:+2, dept:+1"
170,8,1_PG_E Programmatic Inspections Beginning 11.9.20-11.20.20.xlsx,xlsx,22.3,Public Works,23-3094,https://sanfrancisco.nextrequest.com/requests/23-3094,https://sanfrancisco.nextrequest.com/documents/21588858/download,false,,"inspections, request-context:+4 (complaint, complaints, violation, log, logs, records, permits, contract, -application), size:+2, dept:+1"
171,8,2_PG_E Programmatic Inspections Beginning 7.20.20-7.31.20.xlsx,xlsx,21.7,Public Works,23-3094,https://sanfrancisco.nextrequest.com/requests/23-3094,https://sanfrancisco.nextrequest.com/documents/21591572/download,false,,"inspections, request-context:+4 (complaint, complaints, violation, log, logs, records, permits, contract, -application), size:+2, dept:+1"
172,8,1_PG_E Programmatic Inspections Beginning 2.3.20-2.14.20.xlsx,xlsx,25.7,Public Works,23-3094,https://sanfrancisco.nextrequest.com/requests/23-3094,https://sanfrancisco.nextrequest.com/documents/21591624/download,false,,"inspections, request-context:+4 (complaint, complaints, violation, log, logs, records, permits, contract, -application), size:+2, dept:+1"
173,8,1_PG_E Programmatic Inspections Beginning 2.3.20-2.14.20.xlsx,xlsx,22.4,Public Works,23-3094,https://sanfrancisco.nextrequest.com/requests/23-3094,https://sanfrancisco.nextrequest.com/documents/21591975/download,false,,"inspections, request-context:+4 (complaint, complaints, violation, log, logs, records, permits, contract, -application), size:+2, dept:+1"
174,8,1_PG_E Programmatic Inspections Beginning 2.3.20-2.14.20.xlsx,xlsx,25.7,Public Works,23-3094,https://sanfrancisco.nextrequest.com/requests/23-3094,https://sanfrancisco.nextrequest.com/documents/21591998/download,false,,"inspections, request-context:+4 (complaint, complaints, violation, log, logs, records, permits, contract, -application), size:+2, dept:+1"
175,8,2_PG_E Programmatic Inspections Beginning 7.20.20-7.31.20.xlsx,xlsx,21.7,Public Works,23-3094,https://sanfrancisco.nextrequest.com/requests/23-3094,https://sanfrancisco.nextrequest.com/documents/21592235/download,false,,"inspections, request-context:+4 (complaint, complaints, violation, log, logs, records, permits, contract, -application), size:+2, dept:+1"
176,8,1_PG_E Programmatic Inspections Beginning 11.9.20-11.20.20.xlsx,xlsx,22.3,Public Works,23-3094,https://sanfrancisco.nextrequest.com/requests/23-3094,https://sanfrancisco.nextrequest.com/documents/21592477/download,false,,"inspections, request-context:+4 (complaint, complaints, violation, log, logs, records, permits, contract, -application), size:+2, dept:+1"
177,8,1_PG_E Programmatic Inspections Beginning 11.9.20-11.20.20.xlsx,xlsx,22.3,Public Works,23-3094,https://sanfrancisco.nextrequest.com/requests/23-3094,https://sanfrancisco.nextrequest.com/documents/21592738/download,false,,"inspections, request-context:+4 (complaint, complaints, violation, log, logs, records, permits, contract, -application), size:+2, dept:+1"
178,8,1_PG_E Programmatic Inspections Beginning 11.9.20-11.20.20.xlsx,xlsx,22.3,Public Works,23-3094,https://sanfrancisco.nextrequest.com/requests/23-3094,https://sanfrancisco.nextrequest.com/documents/21586666/download,false,,"inspections, request-context:+4 (complaint, complaints, violation, log, logs, records, permits, contract, -application), size:+2, dept:+1"
179,8,1_PG_E Programmatic Inspections Beginning 11.9.20-11.20.20.xlsx,xlsx,22.3,Public Works,23-3094,https://sanfrancisco.nextrequest.com/requests/23-3094,https://sanfrancisco.nextrequest.com/documents/21586675/download,false,,"inspections, request-context:+4 (complaint, complaints, violation, log, logs, records, permits, contract, -application), size:+2, dept:+1"
180,8,1_PG_E Programmatic Inspections Beginning 2.3.20-2.14.20.xlsx,xlsx,25.7,Public Works,23-3094,https://sanfrancisco.nextrequest.com/requests/23-3094,https://sanfrancisco.nextrequest.com/documents/21588877/download,false,,"inspections, request-context:+4 (complaint, complaints, violation, log, logs, records, permits, contract, -application), size:+2, dept:+1"
181,8,1_PG_E Programmatic Inspections Beginning 2.3.20-2.14.20.xlsx,xlsx,25.7,Public Works,23-3094,https://sanfrancisco.nextrequest.com/requests/23-3094,https://sanfrancisco.nextrequest.com/documents/21591697/download,false,,"inspections, request-context:+4 (complaint, complaints, violation, log, logs, records, permits, contract, -application), size:+2, dept:+1"
182,8,1_PG_E Programmatic Inspections Beginning 11.9.20-11.20.20.xlsx,xlsx,22.3,Public Works,23-3094,https://sanfrancisco.nextrequest.com/requests/23-3094,https://sanfrancisco.nextrequest.com/documents/21591796/download,false,,"inspections, request-context:+4 (complaint, complaints, violation, log, logs, records, permits, contract, -application), size:+2, dept:+1"
183,8,1_PG_E Programmatic Inspections Beginning 2.3.20-2.14.20.xlsx,xlsx,22.4,Public Works,23-3094,https://sanfrancisco.nextrequest.com/requests/23-3094,https://sanfrancisco.nextrequest.com/documents/21591939/download,false,,"inspections, request-context:+4 (complaint, complaints, violation, log, logs, records, permits, contract, -application), size:+2, dept:+1"
184,8,1_PG_E Programmatic Inspections Beginning 11.9.20-11.20.20.xlsx,xlsx,22.3,Public Works,23-3094,https://sanfrancisco.nextrequest.com/requests/23-3094,https://sanfrancisco.nextrequest.com/documents/21591942/download,false,,"inspections, request-context:+4 (complaint, complaints, violation, log, logs, records, permits, contract, -application), size:+2, dept:+1"
185,8,2_PG_E Programmatic Inspections Beginning 7.20.20-7.31.20.xlsx,xlsx,21.7,Public Works,23-3094,https://sanfrancisco.nextrequest.com/requests/23-3094,https://sanfrancisco.nextrequest.com/documents/21592175/download,false,,"inspections, request-context:+4 (complaint, complaints, violation, log, logs, records, permits, contract, -application), size:+2, dept:+1"
186,8,1_PG_E Programmatic Inspections Beginning 11.9.20-11.20.20.xlsx,xlsx,22.3,Public Works,23-3094,https://sanfrancisco.nextrequest.com/requests/23-3094,https://sanfrancisco.nextrequest.com/documents/21592189/download,false,,"inspections, request-context:+4 (complaint, complaints, violation, log, logs, records, permits, contract, -application), size:+2, dept:+1"
187,8,1_PG_E Programmatic Inspections Beginning 11.9.20-11.20.20.xlsx,xlsx,22.3,Public Works,23-3094,https://sanfrancisco.nextrequest.com/requests/23-3094,https://sanfrancisco.nextrequest.com/documents/21592472/download,false,,"inspections, request-context:+4 (complaint, complaints, violation, log, logs, records, permits, contract, -application), size:+2, dept:+1"
188,8,1_PG_E Programmatic Inspections Beginning 11.9.20-11.20.20.xlsx,xlsx,22.3,Public Works,23-3094,https://sanfrancisco.nextrequest.com/requests/23-3094,https://sanfrancisco.nextrequest.com/documents/21592599/download,false,,"inspections, request-context:+4 (complaint, complaints, violation, log, logs, records, permits, contract, -application), size:+2, dept:+1"
189,8,RT_DT_0004i-Inspector Curb ramp Slope Record and SH inspections Tabulation.xlsx(1).xlsx,xlsx,29.9,Public Works,22-1475,https://sanfrancisco.nextrequest.com/requests/22-1475,https://sanfrancisco.nextrequest.com/documents/13610697/download,false,,"inspections, request-context:+4 (discipline, log, logs, records, contract, -form), size:+2, dept:+1"
190,8,1_PG_E Programmatic Inspections Beginning 11.9.20-11.20.20.xlsx,xlsx,22.3,Public Works,23-3094,https://sanfrancisco.nextrequest.com/requests/23-3094,https://sanfrancisco.nextrequest.com/documents/21586753/download,false,,"inspections, request-context:+4 (complaint, complaints, violation, log, logs, records, permits, contract, -application), size:+2, dept:+1"
191,8,2_PG_E Programmatic Inspections Beginning 7.20.20-7.31.20.xlsx,xlsx,21.7,Public Works,23-3094,https://sanfrancisco.nextrequest.com/requests/23-3094,https://sanfrancisco.nextrequest.com/documents/21587288/download,false,,"inspections, request-context:+4 (complaint, complaints, violation, log, logs, records, permits, contract, -application), size:+2, dept:+1"
192,8,1_PG_E Programmatic Inspections Beginning 2.3.20-2.14.20.xlsx,xlsx,22.4,Public Works,23-3094,https://sanfrancisco.nextrequest.com/requests/23-3094,https://sanfrancisco.nextrequest.com/documents/21587911/download,false,,"inspections, request-context:+4 (complaint, complaints, violation, log, logs, records, permits, contract, -application), size:+2, dept:+1"
193,8,2_PG_E Programmatic Inspections Beginning 7.20.20-7.31.20.xlsx,xlsx,21.7,Public Works,23-3094,https://sanfrancisco.nextrequest.com/requests/23-3094,https://sanfrancisco.nextrequest.com/documents/21588114/download,false,,"inspections, request-context:+4 (complaint, complaints, violation, log, logs, records, permits, contract, -application), size:+2, dept:+1"
194,8,1_PG_E Programmatic Inspections Beginning 2.3.20-2.14.20.xlsx,xlsx,25.7,Public Works,23-3094,https://sanfrancisco.nextrequest.com/requests/23-3094,https://sanfrancisco.nextrequest.com/documents/21588711/download,false,,"inspections, request-context:+4 (complaint, complaints, violation, log, logs, records, permits, contract, -application), size:+2, dept:+1"
195,8,1_PG_E Programmatic Inspections Beginning 2.3.20-2.14.20.xlsx,xlsx,22.4,Public Works,23-3094,https://sanfrancisco.nextrequest.com/requests/23-3094,https://sanfrancisco.nextrequest.com/documents/21588881/download,false,,"inspections, request-context:+4 (complaint, complaints, violation, log, logs, records, permits, contract, -application), size:+2, dept:+1"
196,8,1_PG_E Programmatic Inspections Beginning 11.9.20-11.20.20.xlsx,xlsx,22.3,Public Works,23-3094,https://sanfrancisco.nextrequest.com/requests/23-3094,https://sanfrancisco.nextrequest.com/documents/21591735/download,false,,"inspections, request-context:+4 (complaint, complaints, violation, log, logs, records, permits, contract, -application), size:+2, dept:+1"
197,8,1_PG_E Programmatic Inspections Beginning 11.9.20-11.20.20.xlsx,xlsx,22.3,Public Works,23-3094,https://sanfrancisco.nextrequest.com/requests/23-3094,https://sanfrancisco.nextrequest.com/documents/21591842/download,false,,"inspections, request-context:+4 (complaint, complaints, violation, log, logs, records, permits, contract, -application), size:+2, dept:+1"
198,8,1_PG_E Programmatic Inspections Beginning 11.9.20-11.20.20.xlsx,xlsx,22.3,Public Works,23-3094,https://sanfrancisco.nextrequest.com/requests/23-3094,https://sanfrancisco.nextrequest.com/documents/21592214/download,false,,"inspections, request-context:+4 (complaint, complaints, violation, log, logs, records, permits, contract, -application), size:+2, dept:+1"
199,8,0004i-Inspector Curb ramp Slope Record and SH inspections Tabulation.xlsx(1).xlsx,xlsx,29.4,Public Works,22-1475,https://sanfrancisco.nextrequest.com/requests/22-1475,https://sanfrancisco.nextrequest.com/documents/13374387/download,false,,"inspections, request-context:+4 (discipline, log, logs, records, contract, -form), size:+2, dept:+1"
200,8,0004I  - RFI Log.xlsx,xlsx,58.7,Public Works,22-1475,https://sanfrancisco.nextrequest.com/requests/22-1475,https://sanfrancisco.nextrequest.com/documents/13536948/download,false,,"log, request-context:+4 (discipline, log, logs, records, contract, -form), size:+2, dept:+1"
201,8,0004I  - RFI Log.xlsx(1).xlsx,xlsx,58.7,Public Works,22-1475,https://sanfrancisco.nextrequest.com/requests/22-1475,https://sanfrancisco.nextrequest.com/documents/13609526/download,false,,"log, request-context:+4 (discipline, log, logs, records, contract, -form), size:+2, dept:+1"
202,8,1_05 MAY - Field Expense Report 021120 (with Rate .575).xlsx,xlsx,28.9,Arts Commission,25-9577,https://sanfrancisco.nextrequest.com/requests/25-9577,https://sanfrancisco.nextrequest.com/documents/56571304/download,false,,"expense, request-context:+3 (audit, log, dataset, records, -form, -test), size:+2"
203,8,1_PG_E Programmatic Inspections Beginning 11.9.20-11.20.20.xlsx,xlsx,22.3,Public Works,23-3094,https://sanfrancisco.nextrequest.com/requests/23-3094,https://sanfrancisco.nextrequest.com/documents/21588412/download,false,,"inspections, request-context:+4 (complaint, complaints, violation, log, logs, records, permits, contract, -application), size:+2, dept:+1"
204,8,1_PG_E Programmatic Inspections Beginning 11.9.20-11.20.20.xlsx,xlsx,22.3,Public Works,23-3094,https://sanfrancisco.nextrequest.com/requests/23-3094,https://sanfrancisco.nextrequest.com/documents/21588509/download,false,,"inspections, request-context:+4 (complaint, complaints, violation, log, logs, records, permits, contract, -application), size:+2, dept:+1"
205,8,1_PG_E Programmatic Inspections Beginning 11.9.20-11.20.20.xlsx,xlsx,22.3,Public Works,23-3094,https://sanfrancisco.nextrequest.com/requests/23-3094,https://sanfrancisco.nextrequest.com/documents/21591951/download,false,,"inspections, request-context:+4 (complaint, complaints, violation, log, logs, records, permits, contract, -application), size:+2, dept:+1"
206,8,1_PG_E Programmatic Inspections Beginning 2.3.20-2.14.20.xlsx,xlsx,22.3,Public Works,23-3094,https://sanfrancisco.nextrequest.com/requests/23-3094,https://sanfrancisco.nextrequest.com/documents/21592035/download,false,,"inspections, request-context:+4 (complaint, complaints, violation, log, logs, records, permits, contract, -application), size:+2, dept:+1"
207,8,1_PG_E Programmatic Inspections Beginning 11.9.20-11.20.20.xlsx,xlsx,22.3,Public Works,23-3094,https://sanfrancisco.nextrequest.com/requests/23-3094,https://sanfrancisco.nextrequest.com/documents/21592142/download,false,,"inspections, request-context:+4 (complaint, complaints, violation, log, logs, records, permits, contract, -application), size:+2, dept:+1"
208,8,1_PG_E Programmatic Inspections Beginning 11.9.20-11.20.20.xlsx,xlsx,22.3,Public Works,23-3094,https://sanfrancisco.nextrequest.com/requests/23-3094,https://sanfrancisco.nextrequest.com/documents/21592411/download,false,,"inspections, request-context:+4 (complaint, complaints, violation, log, logs, records, permits, contract, -application), size:+2, dept:+1"
209,8,Activity Log (5).xls,xls,59.6,Public Works,24-731,https://sanfrancisco.nextrequest.com/requests/24-731,https://sanfrancisco.nextrequest.com/documents/29812242/download,false,,"log, request-context:+4 (complaint, complaints, investigation, records, inspections, -template, -form), size:+2, dept:+1"
210,8,2_Incident at the year since 08-01-2022 - 2-10-23.xls,xls,30.0,Public Works,24-767,https://sanfrancisco.nextrequest.com/requests/24-767,https://sanfrancisco.nextrequest.com/documents/29617524/download,false,,"incident, request-context:+3 (log, logs, records, -receipt), size:+2, dept:+1"
211,8,1_June- Field Expense Report 021120 (with Rate .575).xlsx,xlsx,28.6,Arts Commission,25-9577,https://sanfrancisco.nextrequest.com/requests/25-9577,https://sanfrancisco.nextrequest.com/documents/56571125/download,false,,"expense, request-context:+3 (audit, log, dataset, records, -form, -test), size:+2"
212,8,03_March 2021 - Field Expense Report 01-06-21 (with Rate .56).xlsx,xlsx,28.1,Arts Commission,25-9577,https://sanfrancisco.nextrequest.com/requests/25-9577,https://sanfrancisco.nextrequest.com/documents/56570867/download,false,,"expense, request-context:+3 (audit, log, dataset, records, -form, -test), size:+2"
213,8,1_June- Field Expense Report 021120 (with Rate .575).xlsx,xlsx,28.6,Arts Commission,25-9577,https://sanfrancisco.nextrequest.com/requests/25-9577,https://sanfrancisco.nextrequest.com/documents/56571115/download,false,,"expense, request-context:+3 (audit, log, dataset, records, -form, -test), size:+2"
214,8,Advanced Trips Detail Report_20260625_061145 (1).xlsx,xlsx,694.6,Public Works,26-5451,https://sanfrancisco.nextrequest.com/requests/26-5451,https://sanfrancisco.nextrequest.com/documents/65941855/download,false,,"request-context:+4 (inventory, database, log, logs, export, records, tracker, contract, -form), size:+3, dept:+1"
215,8,Advanced Trips Detail Report_20260625_123219.xlsx,xlsx,695.4,Public Works,26-5451,https://sanfrancisco.nextrequest.com/requests/26-5451,https://sanfrancisco.nextrequest.com/documents/65941858/download,false,,"request-context:+4 (inventory, database, log, logs, export, records, tracker, contract, -form), size:+3, dept:+1"
216,8,Advanced Trips Detail Report_20260626_061544.xlsx,xlsx,505.1,Public Works,26-5451,https://sanfrancisco.nextrequest.com/requests/26-5451,https://sanfrancisco.nextrequest.com/documents/65972557/download,false,,"request-context:+4 (inventory, database, log, logs, export, records, tracker, contract, -form), size:+3, dept:+1"
217,8,Advanced Trips Detail Report_20260625_123408.xlsx,xlsx,552.4,Public Works,26-5451,https://sanfrancisco.nextrequest.com/requests/26-5451,https://sanfrancisco.nextrequest.com/documents/65941854/download,false,,"request-context:+4 (inventory, database, log, logs, export, records, tracker, contract, -form), size:+3, dept:+1"
218,8,Advanced Trips Detail Report_20260625_123116.xlsx,xlsx,1151.4,Public Works,26-5451,https://sanfrancisco.nextrequest.com/requests/26-5451,https://sanfrancisco.nextrequest.com/documents/65941856/download,false,,"request-context:+4 (inventory, database, log, logs, export, records, tracker, contract, -form), size:+3, dept:+1"
219,8,Advanced Trips Detail Report_20260625_123154.xlsx,xlsx,590.7,Public Works,26-5451,https://sanfrancisco.nextrequest.com/requests/26-5451,https://sanfrancisco.nextrequest.com/documents/65941857/download,false,,"request-context:+4 (inventory, database, log, logs, export, records, tracker, contract, -form), size:+3, dept:+1"
220,8,Advanced Trips Detail Report_20260626_061357.xlsx,xlsx,617.1,Public Works,26-5451,https://sanfrancisco.nextrequest.com/requests/26-5451,https://sanfrancisco.nextrequest.com/documents/65972560/download,false,,"request-context:+4 (inventory, database, log, logs, export, records, tracker, contract, -form), size:+3, dept:+1"
221,8,Advanced Trips Detail Report_20260626_061452.xlsx,xlsx,641.4,Public Works,26-5451,https://sanfrancisco.nextrequest.com/requests/26-5451,https://sanfrancisco.nextrequest.com/documents/65972561/download,false,,"request-context:+4 (inventory, database, log, logs, export, records, tracker, contract, -form), size:+3, dept:+1"
222,8,Advanced Trips Detail Report_20260626_061633.xlsx,xlsx,363.7,Public Works,26-5451,https://sanfrancisco.nextrequest.com/requests/26-5451,https://sanfrancisco.nextrequest.com/documents/65972558/download,false,,"request-context:+4 (inventory, database, log, logs, export, records, tracker, contract, -form), size:+3, dept:+1"
223,8,Advanced Trips Detail Report_20260626_061251.xlsx,xlsx,616.5,Public Works,26-5451,https://sanfrancisco.nextrequest.com/requests/26-5451,https://sanfrancisco.nextrequest.com/documents/65972559/download,false,,"request-context:+4 (inventory, database, log, logs, export, records, tracker, contract, -form), size:+3, dept:+1"
224,8,Advanced Trips Detail Report_20260629_061449 (1).xlsx,xlsx,305.4,Public Works,26-5451,https://sanfrancisco.nextrequest.com/requests/26-5451,https://sanfrancisco.nextrequest.com/documents/66003019/download,false,,"request-context:+4 (inventory, database, log, logs, export, records, tracker, contract, -form), size:+3, dept:+1"
225,8,Advanced Trips Detail Report_20260629_061308.xlsx,xlsx,742.5,Public Works,26-5451,https://sanfrancisco.nextrequest.com/requests/26-5451,https://sanfrancisco.nextrequest.com/documents/66003022/download,false,,"request-context:+4 (inventory, database, log, logs, export, records, tracker, contract, -form), size:+3, dept:+1"
226,8,Advanced Trips Detail Report_20260629_061203.xlsx,xlsx,431.2,Public Works,26-5451,https://sanfrancisco.nextrequest.com/requests/26-5451,https://sanfrancisco.nextrequest.com/documents/66003021/download,false,,"request-context:+4 (inventory, database, log, logs, export, records, tracker, contract, -form), size:+3, dept:+1"
227,8,Advanced Trips Detail Report_20260629_061612 (1).xlsx,xlsx,549.9,Public Works,26-5451,https://sanfrancisco.nextrequest.com/requests/26-5451,https://sanfrancisco.nextrequest.com/documents/66003020/download,false,,"request-context:+4 (inventory, database, log, logs, export, records, tracker, contract, -form), size:+3, dept:+1"
228,8,Advanced Trips Detail Report_20260629_115144.xlsx,xlsx,368.0,Public Works,26-5451,https://sanfrancisco.nextrequest.com/requests/26-5451,https://sanfrancisco.nextrequest.com/documents/66060644/download,false,,"request-context:+4 (inventory, database, log, logs, export, records, tracker, contract, -form), size:+3, dept:+1"
229,8,Advanced Trips Detail Report_20260629_115105.xlsx,xlsx,545.5,Public Works,26-5451,https://sanfrancisco.nextrequest.com/requests/26-5451,https://sanfrancisco.nextrequest.com/documents/66060645/download,false,,"request-context:+4 (inventory, database, log, logs, export, records, tracker, contract, -form), size:+3, dept:+1"
230,8,Advanced Trips Detail Report_20260629_114849.xlsx,xlsx,416.6,Public Works,26-5451,https://sanfrancisco.nextrequest.com/requests/26-5451,https://sanfrancisco.nextrequest.com/documents/66060646/download,false,,"request-context:+4 (inventory, database, log, logs, export, records, tracker, contract, -form), size:+3, dept:+1"
231,8,Workpaper - Review of GL and Sample Expenses (July 2022-March 2023).xlsx,xlsx,1314.0,Controller,24-375,https://sanfrancisco.nextrequest.com/requests/24-375,https://sanfrancisco.nextrequest.com/documents/28582164/download,false,,"expense, expenses, -sample, size:+3, dept:+1"
232,8,CPHPS2 Master Land Use Database 5.26.17.xlsx,xlsx,521.4,Public Works,21-1027,https://sanfrancisco.nextrequest.com/requests/21-1027,https://sanfrancisco.nextrequest.com/documents/6890690/download,false,,"database, request-context:+2 (violation, violations, log, records, -form, -signature, -resume, -copy), size:+3, dept:+1"
233,8,2_Query_Dec_2014_May_2019_ServiceRequestSearch.xlsx,xlsx,467.6,Public Works,24-616,https://sanfrancisco.nextrequest.com/requests/24-616,https://sanfrancisco.nextrequest.com/documents/29269710/download,false,,"request-context:+4 (complaint, violation, violations, records, permits), size:+3, dept:+1"
234,8,Advanced Trips Detail Report_20260630_062430.xlsx,xlsx,603.9,Public Works,26-5451,https://sanfrancisco.nextrequest.com/requests/26-5451,https://sanfrancisco.nextrequest.com/documents/66101066/download,false,,"request-context:+4 (inventory, database, log, logs, export, records, tracker, contract, -form), size:+3, dept:+1"
235,8,Advanced Trips Detail Report_20260630_062256.xlsx,xlsx,597.7,Public Works,26-5451,https://sanfrancisco.nextrequest.com/requests/26-5451,https://sanfrancisco.nextrequest.com/documents/66101069/download,false,,"request-context:+4 (inventory, database, log, logs, export, records, tracker, contract, -form), size:+3, dept:+1"
236,8,Advanced Trips Detail Report_20260630_062524.xlsx,xlsx,493.0,Public Works,26-5451,https://sanfrancisco.nextrequest.com/requests/26-5451,https://sanfrancisco.nextrequest.com/documents/66101067/download,false,,"request-context:+4 (inventory, database, log, logs, export, records, tracker, contract, -form), size:+3, dept:+1"
237,8,Advanced Trips Detail Report_20260630_062342.xlsx,xlsx,690.7,Public Works,26-5451,https://sanfrancisco.nextrequest.com/requests/26-5451,https://sanfrancisco.nextrequest.com/documents/66101070/download,false,,"request-context:+4 (inventory, database, log, logs, export, records, tracker, contract, -form), size:+3, dept:+1"
238,8,1_2018.01.17 Burke Submittal Log_CxA.XLSX,xlsx,1768.6,Public Works,24-1499,https://sanfrancisco.nextrequest.com/requests/24-1499,https://sanfrancisco.nextrequest.com/documents/31230026/download,false,,"log, request-context:+3 (complaint, records, -form), size:+3, dept:+1"
239,8,2_Quint Street - CMMS Results dtd 1-13-2023.xlsx,xlsx,1566.5,Public Works,23-1090,https://sanfrancisco.nextrequest.com/requests/23-1090,https://sanfrancisco.nextrequest.com/documents/18269295/download,false,,"request-context:+4 (lawsuit, log), size:+3, dept:+1"
240,7,Supplier Payments_CENTRO LATINO.xlsx,xlsx,8.2,Controller,23-5031,https://sanfrancisco.nextrequest.com/requests/23-5031,https://sanfrancisco.nextrequest.com/documents/25095039/download,false,,"payments, request-context:+4 (complaint, complaints, investigation, log, records, -form), dept:+1"
241,7,Supplier Payments_ProjectOpenHand.xlsx,xlsx,8.8,Controller,23-5031,https://sanfrancisco.nextrequest.com/requests/23-5031,https://sanfrancisco.nextrequest.com/documents/25095038/download,false,,"payments, request-context:+4 (complaint, complaints, investigation, log, records, -form), dept:+1"
242,7,BAG&TAG MONTHLY 2021_redacted.xlsx,xlsx,101.6,Public Works,22-1014,https://sanfrancisco.nextrequest.com/requests/22-1014,https://sanfrancisco.nextrequest.com/documents/11546344/download,false,,"request-context:+4 (database, log, logs, -form), size:+2, dept:+1"
243,7,HSOC22o - Open Requests by reported blocks.xlsx,xlsx,52.7,Public Works,21-5084,https://sanfrancisco.nextrequest.com/requests/21-5084,https://sanfrancisco.nextrequest.com/documents/8750742/download,false,,"request-context:+4 (complaint, complaints, incident, log, logs, records, -template, -form), size:+2, dept:+1"
244,7,HSOC22o - Open Requests by reported blocks.xlsx,xlsx,53.2,Public Works,21-5084,https://sanfrancisco.nextrequest.com/requests/21-5084,https://sanfrancisco.nextrequest.com/documents/8750746/download,false,,"request-context:+4 (complaint, complaints, incident, log, logs, records, -template, -form), size:+2, dept:+1"
245,7,HSOC22o - Open Requests by reported blocks.xlsx,xlsx,44.5,Public Works,21-5084,https://sanfrancisco.nextrequest.com/requests/21-5084,https://sanfrancisco.nextrequest.com/documents/8750801/download,false,,"request-context:+4 (complaint, complaints, incident, log, logs, records, -template, -form), size:+2, dept:+1"
246,7,HSOC22o - Open Requests by reported blocks.xlsx,xlsx,44.8,Public Works,21-5084,https://sanfrancisco.nextrequest.com/requests/21-5084,https://sanfrancisco.nextrequest.com/documents/8750827/download,false,,"request-context:+4 (complaint, complaints, incident, log, logs, records, -template, -form), size:+2, dept:+1"
247,7,HSOC22o - Open Requests by reported blocks.xlsx,xlsx,44.2,Public Works,21-5084,https://sanfrancisco.nextrequest.com/requests/21-5084,https://sanfrancisco.nextrequest.com/documents/8750848/download,false,,"request-context:+4 (complaint, complaints, incident, log, logs, records, -template, -form), size:+2, dept:+1"
248,7,HSOC22o - Open Requests by reported blocks.xlsx,xlsx,45.4,Public Works,21-5084,https://sanfrancisco.nextrequest.com/requests/21-5084,https://sanfrancisco.nextrequest.com/documents/8750862/download,false,,"request-context:+4 (complaint, complaints, incident, log, logs, records, -template, -form), size:+2, dept:+1"
249,7,HSOC22o - Open Requests by reported blocks.xlsx,xlsx,44.7,Public Works,21-5084,https://sanfrancisco.nextrequest.com/requests/21-5084,https://sanfrancisco.nextrequest.com/documents/8751546/download,false,,"request-context:+4 (complaint, complaints, incident, log, logs, records, -template, -form), size:+2, dept:+1"
250,7,HSOC22o - Open Requests by reported blocks.xlsx,xlsx,42.5,Public Works,21-5084,https://sanfrancisco.nextrequest.com/requests/21-5084,https://sanfrancisco.nextrequest.com/documents/8751621/download,false,,"request-context:+4 (complaint, complaints, incident, log, logs, records, -template, -form), size:+2, dept:+1"
251,7,HSOC22o - Open Requests by reported blocks.xlsx,xlsx,46.2,Public Works,21-5084,https://sanfrancisco.nextrequest.com/requests/21-5084,https://sanfrancisco.nextrequest.com/documents/8751705/download,false,,"request-context:+4 (complaint, complaints, incident, log, logs, records, -template, -form), size:+2, dept:+1"
252,7,HSOC22o - Open Requests by reported blocks.xlsx,xlsx,46.3,Public Works,21-5084,https://sanfrancisco.nextrequest.com/requests/21-5084,https://sanfrancisco.nextrequest.com/documents/8751730/download,false,,"request-context:+4 (complaint, complaints, incident, log, logs, records, -template, -form), size:+2, dept:+1"
253,7,HSOC22o - Open Requests by reported blocks.xlsx,xlsx,48.6,Public Works,21-5084,https://sanfrancisco.nextrequest.com/requests/21-5084,https://sanfrancisco.nextrequest.com/documents/8751763/download,false,,"request-context:+4 (complaint, complaints, incident, log, logs, records, -template, -form), size:+2, dept:+1"
254,7,HSOC22o - Open Requests by reported blocks.xlsx,xlsx,43.3,Public Works,21-5084,https://sanfrancisco.nextrequest.com/requests/21-5084,https://sanfrancisco.nextrequest.com/documents/8750805/download,false,,"request-context:+4 (complaint, complaints, incident, log, logs, records, -template, -form), size:+2, dept:+1"
255,7,HSOC22o - Open Requests by reported blocks.xlsx,xlsx,45.7,Public Works,21-5084,https://sanfrancisco.nextrequest.com/requests/21-5084,https://sanfrancisco.nextrequest.com/documents/8750821/download,false,,"request-context:+4 (complaint, complaints, incident, log, logs, records, -template, -form), size:+2, dept:+1"
256,7,HSOC22o - Open Requests by reported blocks.xlsx,xlsx,44.6,Public Works,21-5084,https://sanfrancisco.nextrequest.com/requests/21-5084,https://sanfrancisco.nextrequest.com/documents/8750841/download,false,,"request-context:+4 (complaint, complaints, incident, log, logs, records, -template, -form), size:+2, dept:+1"
257,7,HSOC22o - Open Requests by reported blocks.xlsx,xlsx,43.5,Public Works,21-5084,https://sanfrancisco.nextrequest.com/requests/21-5084,https://sanfrancisco.nextrequest.com/documents/8750845/download,false,,"request-context:+4 (complaint, complaints, incident, log, logs, records, -template, -form), size:+2, dept:+1"
258,7,HSOC22o - Open Requests by reported blocks.xlsx,xlsx,42.6,Public Works,21-5084,https://sanfrancisco.nextrequest.com/requests/21-5084,https://sanfrancisco.nextrequest.com/documents/8751562/download,false,,"request-context:+4 (complaint, complaints, incident, log, logs, records, -template, -form), size:+2, dept:+1"
259,7,HSOC22o - Open Requests by reported blocks.xlsx,xlsx,43.5,Public Works,21-5084,https://sanfrancisco.nextrequest.com/requests/21-5084,https://sanfrancisco.nextrequest.com/documents/8751612/download,false,,"request-context:+4 (complaint, complaints, incident, log, logs, records, -template, -form), size:+2, dept:+1"
260,7,HSOC22o - Open Requests by reported blocks.xlsx,xlsx,43.2,Public Works,21-5084,https://sanfrancisco.nextrequest.com/requests/21-5084,https://sanfrancisco.nextrequest.com/documents/8751623/download,false,,"request-context:+4 (complaint, complaints, incident, log, logs, records, -template, -form), size:+2, dept:+1"
261,7,HSOC22o - Open Requests by reported blocks.xlsx,xlsx,42.3,Public Works,21-5084,https://sanfrancisco.nextrequest.com/requests/21-5084,https://sanfrancisco.nextrequest.com/documents/8751652/download,false,,"request-context:+4 (complaint, complaints, incident, log, logs, records, -template, -form), size:+2, dept:+1"
262,7,HSOC22o - Open Requests by reported blocks.xlsx,xlsx,51.7,Public Works,21-5084,https://sanfrancisco.nextrequest.com/requests/21-5084,https://sanfrancisco.nextrequest.com/documents/8750750/download,false,,"request-context:+4 (complaint, complaints, incident, log, logs, records, -template, -form), size:+2, dept:+1"
263,7,HSOC22o - Open Requests by reported blocks.xlsx,xlsx,46.6,Public Works,21-5084,https://sanfrancisco.nextrequest.com/requests/21-5084,https://sanfrancisco.nextrequest.com/documents/8750810/download,false,,"request-context:+4 (complaint, complaints, incident, log, logs, records, -template, -form), size:+2, dept:+1"
264,7,HSOC22o - Open Requests by reported blocks.xlsx,xlsx,45.0,Public Works,21-5084,https://sanfrancisco.nextrequest.com/requests/21-5084,https://sanfrancisco.nextrequest.com/documents/8750812/download,false,,"request-context:+4 (complaint, complaints, incident, log, logs, records, -template, -form), size:+2, dept:+1"
265,7,HSOC22o - Open Requests by reported blocks.xlsx,xlsx,47.4,Public Works,21-5084,https://sanfrancisco.nextrequest.com/requests/21-5084,https://sanfrancisco.nextrequest.com/documents/8751554/download,false,,"request-context:+4 (complaint, complaints, incident, log, logs, records, -template, -form), size:+2, dept:+1"
266,7,HSOC22o - Open Requests by reported blocks.xlsx,xlsx,48.2,Public Works,21-5084,https://sanfrancisco.nextrequest.com/requests/21-5084,https://sanfrancisco.nextrequest.com/documents/8751558/download,false,,"request-context:+4 (complaint, complaints, incident, log, logs, records, -template, -form), size:+2, dept:+1"
267,7,HSOC22o - Open Requests by reported blocks.xlsx,xlsx,43.4,Public Works,21-5084,https://sanfrancisco.nextrequest.com/requests/21-5084,https://sanfrancisco.nextrequest.com/documents/8751589/download,false,,"request-context:+4 (complaint, complaints, incident, log, logs, records, -template, -form), size:+2, dept:+1"
268,7,HSOC22o - Open Requests by reported blocks.xlsx,xlsx,45.8,Public Works,21-5084,https://sanfrancisco.nextrequest.com/requests/21-5084,https://sanfrancisco.nextrequest.com/documents/8751627/download,false,,"request-context:+4 (complaint, complaints, incident, log, logs, records, -template, -form), size:+2, dept:+1"
269,7,HSOC22o - Open Requests by reported blocks.xlsx,xlsx,47.7,Public Works,21-5084,https://sanfrancisco.nextrequest.com/requests/21-5084,https://sanfrancisco.nextrequest.com/documents/8751631/download,false,,"request-context:+4 (complaint, complaints, incident, log, logs, records, -template, -form), size:+2, dept:+1"
270,7,HSOC22o - Open Requests by reported blocks.xlsx,xlsx,40.7,Public Works,21-5084,https://sanfrancisco.nextrequest.com/requests/21-5084,https://sanfrancisco.nextrequest.com/documents/8751650/download,false,,"request-context:+4 (complaint, complaints, incident, log, logs, records, -template, -form), size:+2, dept:+1"
271,7,HSOC22o - Open Requests by reported blocks.xlsx,xlsx,52.8,Public Works,21-5084,https://sanfrancisco.nextrequest.com/requests/21-5084,https://sanfrancisco.nextrequest.com/documents/8751752/download,false,,"request-context:+4 (complaint, complaints, incident, log, logs, records, -template, -form), size:+2, dept:+1"
272,7,HSOC22o - Open Requests by reported blocks.xlsx,xlsx,47.8,Public Works,21-5084,https://sanfrancisco.nextrequest.com/requests/21-5084,https://sanfrancisco.nextrequest.com/documents/8750736/download,false,,"request-context:+4 (complaint, complaints, incident, log, logs, records, -template, -form), size:+2, dept:+1"
273,7,HSOC22o - Open Requests by reported blocks.xlsx,xlsx,44.9,Public Works,21-5084,https://sanfrancisco.nextrequest.com/requests/21-5084,https://sanfrancisco.nextrequest.com/documents/8750834/download,false,,"request-context:+4 (complaint, complaints, incident, log, logs, records, -template, -form), size:+2, dept:+1"
274,7,HSOC22o - Open Requests by reported blocks.xlsx,xlsx,45.7,Public Works,21-5084,https://sanfrancisco.nextrequest.com/requests/21-5084,https://sanfrancisco.nextrequest.com/documents/8750857/download,false,,"request-context:+4 (complaint, complaints, incident, log, logs, records, -template, -form), size:+2, dept:+1"
275,7,HSOC22o - Open Requests by reported blocks.xlsx,xlsx,45.9,Public Works,21-5084,https://sanfrancisco.nextrequest.com/requests/21-5084,https://sanfrancisco.nextrequest.com/documents/8751522/download,false,,"request-context:+4 (complaint, complaints, incident, log, logs, records, -template, -form), size:+2, dept:+1"
276,7,HSOC22o - Open Requests by reported blocks.xlsx,xlsx,43.7,Public Works,21-5084,https://sanfrancisco.nextrequest.com/requests/21-5084,https://sanfrancisco.nextrequest.com/documents/8751586/download,false,,"request-context:+4 (complaint, complaints, incident, log, logs, records, -template, -form), size:+2, dept:+1"
277,7,HSOC22o - Open Requests by reported blocks.xlsx,xlsx,47.9,Public Works,21-5084,https://sanfrancisco.nextrequest.com/requests/21-5084,https://sanfrancisco.nextrequest.com/documents/8751595/download,false,,"request-context:+4 (complaint, complaints, incident, log, logs, records, -template, -form), size:+2, dept:+1"
278,7,HSOC22o - Open Requests by reported blocks.xlsx,xlsx,49.3,Public Works,21-5084,https://sanfrancisco.nextrequest.com/requests/21-5084,https://sanfrancisco.nextrequest.com/documents/8751707/download,false,,"request-context:+4 (complaint, complaints, incident, log, logs, records, -template, -form), size:+2, dept:+1"
279,7,HSOC22o - Open Requests by reported blocks.xlsx,xlsx,49.0,Public Works,21-5084,https://sanfrancisco.nextrequest.com/requests/21-5084,https://sanfrancisco.nextrequest.com/documents/8751732/download,false,,"request-context:+4 (complaint, complaints, incident, log, logs, records, -template, -form), size:+2, dept:+1"
280,7,HSOC22o - Open Requests by reported blocks.xlsx,xlsx,47.4,Public Works,21-5084,https://sanfrancisco.nextrequest.com/requests/21-5084,https://sanfrancisco.nextrequest.com/documents/8751815/download,false,,"request-context:+4 (complaint, complaints, incident, log, logs, records, -template, -form), size:+2, dept:+1"
281,7,HSOC22o - Open Requests by reported blocks.xlsx,xlsx,49.9,Public Works,21-5084,https://sanfrancisco.nextrequest.com/requests/21-5084,https://sanfrancisco.nextrequest.com/documents/8750734/download,false,,"request-context:+4 (complaint, complaints, incident, log, logs, records, -template, -form), size:+2, dept:+1"
282,7,HSOC22o - Open Requests by reported blocks.xlsx,xlsx,47.3,Public Works,21-5084,https://sanfrancisco.nextrequest.com/requests/21-5084,https://sanfrancisco.nextrequest.com/documents/8750814/download,false,,"request-context:+4 (complaint, complaints, incident, log, logs, records, -template, -form), size:+2, dept:+1"
283,7,HSOC22o - Open Requests by reported blocks.xlsx,xlsx,45.5,Public Works,21-5084,https://sanfrancisco.nextrequest.com/requests/21-5084,https://sanfrancisco.nextrequest.com/documents/8750829/download,false,,"request-context:+4 (complaint, complaints, incident, log, logs, records, -template, -form), size:+2, dept:+1"
284,7,HSOC22o - Open Requests by reported blocks.xlsx,xlsx,48.6,Public Works,21-5084,https://sanfrancisco.nextrequest.com/requests/21-5084,https://sanfrancisco.nextrequest.com/documents/8750851/download,false,,"request-context:+4 (complaint, complaints, incident, log, logs, records, -template, -form), size:+2, dept:+1"
285,7,HSOC22o - Open Requests by reported blocks.xlsx,xlsx,45.0,Public Works,21-5084,https://sanfrancisco.nextrequest.com/requests/21-5084,https://sanfrancisco.nextrequest.com/documents/8750868/download,false,,"request-context:+4 (complaint, complaints, incident, log, logs, records, -template, -form), size:+2, dept:+1"
286,7,HSOC22o - Open Requests by reported blocks.xlsx,xlsx,46.3,Public Works,21-5084,https://sanfrancisco.nextrequest.com/requests/21-5084,https://sanfrancisco.nextrequest.com/documents/8751552/download,false,,"request-context:+4 (complaint, complaints, incident, log, logs, records, -template, -form), size:+2, dept:+1"
287,7,HSOC22o - Open Requests by reported blocks.xlsx,xlsx,49.0,Public Works,21-5084,https://sanfrancisco.nextrequest.com/requests/21-5084,https://sanfrancisco.nextrequest.com/documents/8751761/download,false,,"request-context:+4 (complaint, complaints, incident, log, logs, records, -template, -form), size:+2, dept:+1"
288,7,HSOC22o - Open Requests by reported blocks.xlsx,xlsx,51.5,Public Works,21-5084,https://sanfrancisco.nextrequest.com/requests/21-5084,https://sanfrancisco.nextrequest.com/documents/8751766/download,false,,"request-context:+4 (complaint, complaints, incident, log, logs, records, -template, -form), size:+2, dept:+1"
289,7,HSOC22o - Open Requests by reported blocks.xlsx,xlsx,48.5,Public Works,21-5084,https://sanfrancisco.nextrequest.com/requests/21-5084,https://sanfrancisco.nextrequest.com/documents/8752349/download,false,,"request-context:+4 (complaint, complaints, incident, log, logs, records, -template, -form), size:+2, dept:+1"
290,7,HSOC22o - Open Requests by reported blocks.xlsx,xlsx,61.6,Public Works,21-5084,https://sanfrancisco.nextrequest.com/requests/21-5084,https://sanfrancisco.nextrequest.com/documents/8749826/download,false,,"request-context:+4 (complaint, complaints, incident, log, logs, records, -template, -form), size:+2, dept:+1"
291,7,HSOC22o - Open Requests by reported blocks.xlsx,xlsx,62.1,Public Works,21-5084,https://sanfrancisco.nextrequest.com/requests/21-5084,https://sanfrancisco.nextrequest.com/documents/8749851/download,false,,"request-context:+4 (complaint, complaints, incident, log, logs, records, -template, -form), size:+2, dept:+1"
292,7,HSOC22o - Open Requests by reported blocks.xlsx,xlsx,49.9,Public Works,21-5084,https://sanfrancisco.nextrequest.com/requests/21-5084,https://sanfrancisco.nextrequest.com/documents/8749885/download,false,,"request-context:+4 (complaint, complaints, incident, log, logs, records, -template, -form), size:+2, dept:+1"
293,7,HSOC22o - Open Requests by reported blocks.xlsx,xlsx,56.4,Public Works,21-5084,https://sanfrancisco.nextrequest.com/requests/21-5084,https://sanfrancisco.nextrequest.com/documents/8749896/download,false,,"request-context:+4 (complaint, complaints, incident, log, logs, records, -template, -form), size:+2, dept:+1"
294,7,HSOC22o - Open Requests by reported blocks.xlsx,xlsx,55.7,Public Works,21-5084,https://sanfrancisco.nextrequest.com/requests/21-5084,https://sanfrancisco.nextrequest.com/documents/8749914/download,false,,"request-context:+4 (complaint, complaints, incident, log, logs, records, -template, -form), size:+2, dept:+1"
295,7,HSOC22o - Open Requests by reported blocks.xlsx,xlsx,61.8,Public Works,21-5084,https://sanfrancisco.nextrequest.com/requests/21-5084,https://sanfrancisco.nextrequest.com/documents/8750008/download,false,,"request-context:+4 (complaint, complaints, incident, log, logs, records, -template, -form), size:+2, dept:+1"
296,7,HSOC22o - Open Requests by reported blocks.xlsx,xlsx,44.5,Public Works,21-5084,https://sanfrancisco.nextrequest.com/requests/21-5084,https://sanfrancisco.nextrequest.com/documents/8750010/download,false,,"request-context:+4 (complaint, complaints, incident, log, logs, records, -template, -form), size:+2, dept:+1"
297,7,HSOC22o - Open Requests by reported blocks.xlsx,xlsx,54.7,Public Works,21-5084,https://sanfrancisco.nextrequest.com/requests/21-5084,https://sanfrancisco.nextrequest.com/documents/8750021/download,false,,"request-context:+4 (complaint, complaints, incident, log, logs, records, -template, -form), size:+2, dept:+1"
298,7,HSOC22o - Open Requests by reported blocks.xlsx,xlsx,60.6,Public Works,21-5084,https://sanfrancisco.nextrequest.com/requests/21-5084,https://sanfrancisco.nextrequest.com/documents/8750080/download,false,,"request-context:+4 (complaint, complaints, incident, log, logs, records, -template, -form), size:+2, dept:+1"
299,7,HSOC22o - Open Requests by reported blocks.xlsx,xlsx,54.2,Public Works,21-5084,https://sanfrancisco.nextrequest.com/requests/21-5084,https://sanfrancisco.nextrequest.com/documents/8750365/download,false,,"request-context:+4 (complaint, complaints, incident, log, logs, records, -template, -form), size:+2, dept:+1"
300,7,HSOC22o - Open Requests by reported blocks.xlsx,xlsx,56.6,Public Works,21-5084,https://sanfrancisco.nextrequest.com/requests/21-5084,https://sanfrancisco.nextrequest.com/documents/8750397/download,false,,"request-context:+4 (complaint, complaints, incident, log, logs, records, -template, -form), size:+2, dept:+1"
301,7,HSOC22o - Open Requests by reported blocks.xlsx,xlsx,56.7,Public Works,21-5084,https://sanfrancisco.nextrequest.com/requests/21-5084,https://sanfrancisco.nextrequest.com/documents/8750410/download,false,,"request-context:+4 (complaint, complaints, incident, log, logs, records, -template, -form), size:+2, dept:+1"
302,7,HSOC22o - Open Requests by reported blocks.xlsx,xlsx,54.9,Public Works,21-5084,https://sanfrancisco.nextrequest.com/requests/21-5084,https://sanfrancisco.nextrequest.com/documents/8750431/download,false,,"request-context:+4 (complaint, complaints, incident, log, logs, records, -template, -form), size:+2, dept:+1"
303,7,HSOC22o - Open Requests by reported blocks.xlsx,xlsx,54.3,Public Works,21-5084,https://sanfrancisco.nextrequest.com/requests/21-5084,https://sanfrancisco.nextrequest.com/documents/8750470/download,false,,"request-context:+4 (complaint, complaints, incident, log, logs, records, -template, -form), size:+2, dept:+1"
304,7,HSOC22o - Open Requests by reported blocks.xlsx,xlsx,46.1,Public Works,21-5084,https://sanfrancisco.nextrequest.com/requests/21-5084,https://sanfrancisco.nextrequest.com/documents/8750499/download,false,,"request-context:+4 (complaint, complaints, incident, log, logs, records, -template, -form), size:+2, dept:+1"
305,7,HSOC22o - Open Requests by reported blocks.xlsx,xlsx,48.1,Public Works,21-5084,https://sanfrancisco.nextrequest.com/requests/21-5084,https://sanfrancisco.nextrequest.com/documents/8750511/download,false,,"request-context:+4 (complaint, complaints, incident, log, logs, records, -template, -form), size:+2, dept:+1"
306,7,HSOC22o - Open Requests by reported blocks.xlsx,xlsx,42.0,Public Works,21-5084,https://sanfrancisco.nextrequest.com/requests/21-5084,https://sanfrancisco.nextrequest.com/documents/8750513/download,false,,"request-context:+4 (complaint, complaints, incident, log, logs, records, -template, -form), size:+2, dept:+1"
307,7,HSOC22o - Open Requests by reported blocks.xlsx,xlsx,55.8,Public Works,21-5084,https://sanfrancisco.nextrequest.com/requests/21-5084,https://sanfrancisco.nextrequest.com/documents/8750526/download,false,,"request-context:+4 (complaint, complaints, incident, log, logs, records, -template, -form), size:+2, dept:+1"
308,7,HSOC22o - Open Requests by reported blocks.xlsx,xlsx,57.4,Public Works,21-5084,https://sanfrancisco.nextrequest.com/requests/21-5084,https://sanfrancisco.nextrequest.com/documents/8750565/download,false,,"request-context:+4 (complaint, complaints, incident, log, logs, records, -template, -form), size:+2, dept:+1"
309,7,HSOC22o - Open Requests by reported blocks.xlsx,xlsx,53.1,Public Works,21-5084,https://sanfrancisco.nextrequest.com/requests/21-5084,https://sanfrancisco.nextrequest.com/documents/8750576/download,false,,"request-context:+4 (complaint, complaints, incident, log, logs, records, -template, -form), size:+2, dept:+1"
310,7,HSOC22o - Open Requests by reported blocks.xlsx,xlsx,55.1,Public Works,21-5084,https://sanfrancisco.nextrequest.com/requests/21-5084,https://sanfrancisco.nextrequest.com/documents/8750589/download,false,,"request-context:+4 (complaint, complaints, incident, log, logs, records, -template, -form), size:+2, dept:+1"
311,7,HSOC22o - Open Requests by reported blocks.xlsx,xlsx,40.4,Public Works,21-5084,https://sanfrancisco.nextrequest.com/requests/21-5084,https://sanfrancisco.nextrequest.com/documents/8750591/download,false,,"request-context:+4 (complaint, complaints, incident, log, logs, records, -template, -form), size:+2, dept:+1"
312,7,HSOC22o - Open Requests by reported blocks.xlsx,xlsx,54.9,Public Works,21-5084,https://sanfrancisco.nextrequest.com/requests/21-5084,https://sanfrancisco.nextrequest.com/documents/8750616/download,false,,"request-context:+4 (complaint, complaints, incident, log, logs, records, -template, -form), size:+2, dept:+1"
313,7,HSOC22o - Open Requests by reported blocks.xlsx,xlsx,51.5,Public Works,21-5084,https://sanfrancisco.nextrequest.com/requests/21-5084,https://sanfrancisco.nextrequest.com/documents/8750708/download,false,,"request-context:+4 (complaint, complaints, incident, log, logs, records, -template, -form), size:+2, dept:+1"
314,7,HSOC22o - Open Requests by reported blocks.xlsx,xlsx,46.9,Public Works,21-5084,https://sanfrancisco.nextrequest.com/requests/21-5084,https://sanfrancisco.nextrequest.com/documents/8750720/download,false,,"request-context:+4 (complaint, complaints, incident, log, logs, records, -template, -form), size:+2, dept:+1"
315,7,HSOC22o - Open Requests by reported blocks.xlsx,xlsx,49.3,Public Works,21-5084,https://sanfrancisco.nextrequest.com/requests/21-5084,https://sanfrancisco.nextrequest.com/documents/8752650/download,false,,"request-context:+4 (complaint, complaints, incident, log, logs, records, -template, -form), size:+2, dept:+1"
316,7,HSOC22o - Open Requests by reported blocks.xlsx,xlsx,62.6,Public Works,21-5084,https://sanfrancisco.nextrequest.com/requests/21-5084,https://sanfrancisco.nextrequest.com/documents/8749918/download,false,,"request-context:+4 (complaint, complaints, incident, log, logs, records, -template, -form), size:+2, dept:+1"
317,7,HSOC22o - Open Requests by reported blocks.xlsx,xlsx,42.8,Public Works,21-5084,https://sanfrancisco.nextrequest.com/requests/21-5084,https://sanfrancisco.nextrequest.com/documents/8750068/download,false,,"request-context:+4 (complaint, complaints, incident, log, logs, records, -template, -form), size:+2, dept:+1"
318,7,HSOC22o - Open Requests by reported blocks.xlsx,xlsx,53.5,Public Works,21-5084,https://sanfrancisco.nextrequest.com/requests/21-5084,https://sanfrancisco.nextrequest.com/documents/8750135/download,false,,"request-context:+4 (complaint, complaints, incident, log, logs, records, -template, -form), size:+2, dept:+1"
319,7,HSOC22o - Open Requests by reported blocks.xlsx,xlsx,55.6,Public Works,21-5084,https://sanfrancisco.nextrequest.com/requests/21-5084,https://sanfrancisco.nextrequest.com/documents/8750405/download,false,,"request-context:+4 (complaint, complaints, incident, log, logs, records, -template, -form), size:+2, dept:+1"
320,7,HSOC22o - Open Requests by reported blocks.xlsx,xlsx,55.0,Public Works,21-5084,https://sanfrancisco.nextrequest.com/requests/21-5084,https://sanfrancisco.nextrequest.com/documents/8750438/download,false,,"request-context:+4 (complaint, complaints, incident, log, logs, records, -template, -form), size:+2, dept:+1"
321,7,HSOC22o - Open Requests by reported blocks.xlsx,xlsx,55.2,Public Works,21-5084,https://sanfrancisco.nextrequest.com/requests/21-5084,https://sanfrancisco.nextrequest.com/documents/8750466/download,false,,"request-context:+4 (complaint, complaints, incident, log, logs, records, -template, -form), size:+2, dept:+1"
322,7,HSOC22o - Open Requests by reported blocks.xlsx,xlsx,55.2,Public Works,21-5084,https://sanfrancisco.nextrequest.com/requests/21-5084,https://sanfrancisco.nextrequest.com/documents/8750469/download,false,,"request-context:+4 (complaint, complaints, incident, log, logs, records, -template, -form), size:+2, dept:+1"
323,7,HSOC22o - Open Requests by reported blocks.xlsx,xlsx,52.4,Public Works,21-5084,https://sanfrancisco.nextrequest.com/requests/21-5084,https://sanfrancisco.nextrequest.com/documents/8750490/download,false,,"request-context:+4 (complaint, complaints, incident, log, logs, records, -template, -form), size:+2, dept:+1"
324,7,HSOC22o - Open Requests by reported blocks.xlsx,xlsx,57.0,Public Works,21-5084,https://sanfrancisco.nextrequest.com/requests/21-5084,https://sanfrancisco.nextrequest.com/documents/8750522/download,false,,"request-context:+4 (complaint, complaints, incident, log, logs, records, -template, -form), size:+2, dept:+1"
325,7,HSOC22o - Open Requests by reported blocks.xlsx,xlsx,56.5,Public Works,21-5084,https://sanfrancisco.nextrequest.com/requests/21-5084,https://sanfrancisco.nextrequest.com/documents/8750551/download,false,,"request-context:+4 (complaint, complaints, incident, log, logs, records, -template, -form), size:+2, dept:+1"
326,7,HSOC22o - Open Requests by reported blocks.xlsx,xlsx,58.1,Public Works,21-5084,https://sanfrancisco.nextrequest.com/requests/21-5084,https://sanfrancisco.nextrequest.com/documents/8750603/download,false,,"request-context:+4 (complaint, complaints, incident, log, logs, records, -template, -form), size:+2, dept:+1"
327,7,HSOC22o - Open Requests by reported blocks.xlsx,xlsx,56.9,Public Works,21-5084,https://sanfrancisco.nextrequest.com/requests/21-5084,https://sanfrancisco.nextrequest.com/documents/8750620/download,false,,"request-context:+4 (complaint, complaints, incident, log, logs, records, -template, -form), size:+2, dept:+1"
328,7,HSOC22o - Open Requests by reported blocks.xlsx,xlsx,45.0,Public Works,21-5084,https://sanfrancisco.nextrequest.com/requests/21-5084,https://sanfrancisco.nextrequest.com/documents/8750689/download,false,,"request-context:+4 (complaint, complaints, incident, log, logs, records, -template, -form), size:+2, dept:+1"
329,7,HSOC22o - Open Requests by reported blocks.xlsx,xlsx,47.0,Public Works,21-5084,https://sanfrancisco.nextrequest.com/requests/21-5084,https://sanfrancisco.nextrequest.com/documents/8750704/download,false,,"request-context:+4 (complaint, complaints, incident, log, logs, records, -template, -form), size:+2, dept:+1"
330,7,HSOC22o - Open Requests by reported blocks.xlsx,xlsx,42.9,Public Works,21-5084,https://sanfrancisco.nextrequest.com/requests/21-5084,https://sanfrancisco.nextrequest.com/documents/8751640/download,false,,"request-context:+4 (complaint, complaints, incident, log, logs, records, -template, -form), size:+2, dept:+1"
331,7,HSOC22o - Open Requests by reported blocks.xlsx,xlsx,60.8,Public Works,21-5084,https://sanfrancisco.nextrequest.com/requests/21-5084,https://sanfrancisco.nextrequest.com/documents/8749831/download,false,,"request-context:+4 (complaint, complaints, incident, log, logs, records, -template, -form), size:+2, dept:+1"
332,7,HSOC22o - Open Requests by reported blocks.xlsx,xlsx,59.6,Public Works,21-5084,https://sanfrancisco.nextrequest.com/requests/21-5084,https://sanfrancisco.nextrequest.com/documents/8749844/download,false,,"request-context:+4 (complaint, complaints, incident, log, logs, records, -template, -form), size:+2, dept:+1"
333,7,HSOC22o - Open Requests by reported blocks.xlsx,xlsx,56.8,Public Works,21-5084,https://sanfrancisco.nextrequest.com/requests/21-5084,https://sanfrancisco.nextrequest.com/documents/8749872/download,false,,"request-context:+4 (complaint, complaints, incident, log, logs, records, -template, -form), size:+2, dept:+1"
334,7,HSOC22o - Open Requests by reported blocks.xlsx,xlsx,56.5,Public Works,21-5084,https://sanfrancisco.nextrequest.com/requests/21-5084,https://sanfrancisco.nextrequest.com/documents/8749909/download,false,,"request-context:+4 (complaint, complaints, incident, log, logs, records, -template, -form), size:+2, dept:+1"
335,7,HSOC22o - Open Requests by reported blocks.xlsx,xlsx,60.5,Public Works,21-5084,https://sanfrancisco.nextrequest.com/requests/21-5084,https://sanfrancisco.nextrequest.com/documents/8749916/download,false,,"request-context:+4 (complaint, complaints, incident, log, logs, records, -template, -form), size:+2, dept:+1"
336,7,HSOC22o - Open Requests by reported blocks.xlsx,xlsx,50.2,Public Works,21-5084,https://sanfrancisco.nextrequest.com/requests/21-5084,https://sanfrancisco.nextrequest.com/documents/8750005/download,false,,"request-context:+4 (complaint, complaints, incident, log, logs, records, -template, -form), size:+2, dept:+1"
337,7,HSOC22o - Open Requests by reported blocks.xlsx,xlsx,60.8,Public Works,21-5084,https://sanfrancisco.nextrequest.com/requests/21-5084,https://sanfrancisco.nextrequest.com/documents/8750024/download,false,,"request-context:+4 (complaint, complaints, incident, log, logs, records, -template, -form), size:+2, dept:+1"
338,7,HSOC22o - Open Requests by reported blocks.xlsx,xlsx,62.8,Public Works,21-5084,https://sanfrancisco.nextrequest.com/requests/21-5084,https://sanfrancisco.nextrequest.com/documents/8750076/download,false,,"request-context:+4 (complaint, complaints, incident, log, logs, records, -template, -form), size:+2, dept:+1"
339,7,HSOC22o - Open Requests by reported blocks.xlsx,xlsx,47.4,Public Works,21-5084,https://sanfrancisco.nextrequest.com/requests/21-5084,https://sanfrancisco.nextrequest.com/documents/8750089/download,false,,"request-context:+4 (complaint, complaints, incident, log, logs, records, -template, -form), size:+2, dept:+1"
340,7,HSOC22o - Open Requests by reported blocks.xlsx,xlsx,52.5,Public Works,21-5084,https://sanfrancisco.nextrequest.com/requests/21-5084,https://sanfrancisco.nextrequest.com/documents/8750130/download,false,,"request-context:+4 (complaint, complaints, incident, log, logs, records, -template, -form), size:+2, dept:+1"
341,7,HSOC22o - Open Requests by reported blocks.xlsx,xlsx,63.1,Public Works,21-5084,https://sanfrancisco.nextrequest.com/requests/21-5084,https://sanfrancisco.nextrequest.com/documents/8750399/download,false,,"request-context:+4 (complaint, complaints, incident, log, logs, records, -template, -form), size:+2, dept:+1"
342,7,HSOC22o - Open Requests by reported blocks.xlsx,xlsx,55.1,Public Works,21-5084,https://sanfrancisco.nextrequest.com/requests/21-5084,https://sanfrancisco.nextrequest.com/documents/8750408/download,false,,"request-context:+4 (complaint, complaints, incident, log, logs, records, -template, -form), size:+2, dept:+1"
343,7,HSOC22o - Open Requests by reported blocks.xlsx,xlsx,56.8,Public Works,21-5084,https://sanfrancisco.nextrequest.com/requests/21-5084,https://sanfrancisco.nextrequest.com/documents/8750423/download,false,,"request-context:+4 (complaint, complaints, incident, log, logs, records, -template, -form), size:+2, dept:+1"
344,7,HSOC22o - Open Requests by reported blocks.xlsx,xlsx,55.7,Public Works,21-5084,https://sanfrancisco.nextrequest.com/requests/21-5084,https://sanfrancisco.nextrequest.com/documents/8750446/download,false,,"request-context:+4 (complaint, complaints, incident, log, logs, records, -template, -form), size:+2, dept:+1"
345,7,HSOC22o - Open Requests by reported blocks.xlsx,xlsx,54.7,Public Works,21-5084,https://sanfrancisco.nextrequest.com/requests/21-5084,https://sanfrancisco.nextrequest.com/documents/8750524/download,false,,"request-context:+4 (complaint, complaints, incident, log, logs, records, -template, -form), size:+2, dept:+1"
346,7,HSOC22o - Open Requests by reported blocks.xlsx,xlsx,43.9,Public Works,21-5084,https://sanfrancisco.nextrequest.com/requests/21-5084,https://sanfrancisco.nextrequest.com/documents/8750528/download,false,,"request-context:+4 (complaint, complaints, incident, log, logs, records, -template, -form), size:+2, dept:+1"
347,7,HSOC22o - Open Requests by reported blocks.xlsx,xlsx,52.8,Public Works,21-5084,https://sanfrancisco.nextrequest.com/requests/21-5084,https://sanfrancisco.nextrequest.com/documents/8750595/download,false,,"request-context:+4 (complaint, complaints, incident, log, logs, records, -template, -form), size:+2, dept:+1"
348,7,HSOC22o - Open Requests by reported blocks.xlsx,xlsx,55.8,Public Works,21-5084,https://sanfrancisco.nextrequest.com/requests/21-5084,https://sanfrancisco.nextrequest.com/documents/8750618/download,false,,"request-context:+4 (complaint, complaints, incident, log, logs, records, -template, -form), size:+2, dept:+1"
349,7,HSOC22o - Open Requests by reported blocks.xlsx,xlsx,50.2,Public Works,21-5084,https://sanfrancisco.nextrequest.com/requests/21-5084,https://sanfrancisco.nextrequest.com/documents/8750677/download,false,,"request-context:+4 (complaint, complaints, incident, log, logs, records, -template, -form), size:+2, dept:+1"
350,7,HSOC22o - Open Requests by reported blocks.xlsx,xlsx,54.0,Public Works,21-5084,https://sanfrancisco.nextrequest.com/requests/21-5084,https://sanfrancisco.nextrequest.com/documents/8750685/download,false,,"request-context:+4 (complaint, complaints, incident, log, logs, records, -template, -form), size:+2, dept:+1"
351,7,HSOC22o - Open Requests by reported blocks.xlsx,xlsx,55.2,Public Works,21-5084,https://sanfrancisco.nextrequest.com/requests/21-5084,https://sanfrancisco.nextrequest.com/documents/8750698/download,false,,"request-context:+4 (complaint, complaints, incident, log, logs, records, -template, -form), size:+2, dept:+1"
352,7,HSOC22o - Open Requests by reported blocks.xlsx,xlsx,50.7,Public Works,21-5084,https://sanfrancisco.nextrequest.com/requests/21-5084,https://sanfrancisco.nextrequest.com/documents/8750712/download,false,,"request-context:+4 (complaint, complaints, incident, log, logs, records, -template, -form), size:+2, dept:+1"
353,7,HSOC22o - Open Requests by reported blocks.xlsx,xlsx,60.6,Public Works,21-5084,https://sanfrancisco.nextrequest.com/requests/21-5084,https://sanfrancisco.nextrequest.com/documents/8749840/download,false,,"request-context:+4 (complaint, complaints, incident, log, logs, records, -template, -form), size:+2, dept:+1"
354,7,HSOC22o - Open Requests by reported blocks.xlsx,xlsx,56.9,Public Works,21-5084,https://sanfrancisco.nextrequest.com/requests/21-5084,https://sanfrancisco.nextrequest.com/documents/8749842/download,false,,"request-context:+4 (complaint, complaints, incident, log, logs, records, -template, -form), size:+2, dept:+1"
355,7,HSOC22o - Open Requests by reported blocks.xlsx,xlsx,58.2,Public Works,21-5084,https://sanfrancisco.nextrequest.com/requests/21-5084,https://sanfrancisco.nextrequest.com/documents/8749847/download,false,,"request-context:+4 (complaint, complaints, incident, log, logs, records, -template, -form), size:+2, dept:+1"
356,7,HSOC22o - Open Requests by reported blocks.xlsx,xlsx,49.1,Public Works,21-5084,https://sanfrancisco.nextrequest.com/requests/21-5084,https://sanfrancisco.nextrequest.com/documents/8749856/download,false,,"request-context:+4 (complaint, complaints, incident, log, logs, records, -template, -form), size:+2, dept:+1"
357,7,HSOC22o - Open Requests by reported blocks.xlsx,xlsx,59.8,Public Works,21-5084,https://sanfrancisco.nextrequest.com/requests/21-5084,https://sanfrancisco.nextrequest.com/documents/8749883/download,false,,"request-context:+4 (complaint, complaints, incident, log, logs, records, -template, -form), size:+2, dept:+1"
358,7,HSOC22o - Open Requests by reported blocks.xlsx,xlsx,62.3,Public Works,21-5084,https://sanfrancisco.nextrequest.com/requests/21-5084,https://sanfrancisco.nextrequest.com/documents/8749906/download,false,,"request-context:+4 (complaint, complaints, incident, log, logs, records, -template, -form), size:+2, dept:+1"
359,7,HSOC22o - Open Requests by reported blocks.xlsx,xlsx,55.2,Public Works,21-5084,https://sanfrancisco.nextrequest.com/requests/21-5084,https://sanfrancisco.nextrequest.com/documents/8750074/download,false,,"request-context:+4 (complaint, complaints, incident, log, logs, records, -template, -form), size:+2, dept:+1"
360,7,HSOC22o - Open Requests by reported blocks.xlsx,xlsx,47.6,Public Works,21-5084,https://sanfrancisco.nextrequest.com/requests/21-5084,https://sanfrancisco.nextrequest.com/documents/8750103/download,false,,"request-context:+4 (complaint, complaints, incident, log, logs, records, -template, -form), size:+2, dept:+1"
361,7,HSOC22o - Open Requests by reported blocks.xlsx,xlsx,55.6,Public Works,21-5084,https://sanfrancisco.nextrequest.com/requests/21-5084,https://sanfrancisco.nextrequest.com/documents/8750166/download,false,,"request-context:+4 (complaint, complaints, incident, log, logs, records, -template, -form), size:+2, dept:+1"
362,7,HSOC22o - Open Requests by reported blocks.xlsx,xlsx,54.3,Public Works,21-5084,https://sanfrancisco.nextrequest.com/requests/21-5084,https://sanfrancisco.nextrequest.com/documents/8750355/download,false,,"request-context:+4 (complaint, complaints, incident, log, logs, records, -template, -form), size:+2, dept:+1"
363,7,HSOC22o - Open Requests by reported blocks.xlsx,xlsx,53.8,Public Works,21-5084,https://sanfrancisco.nextrequest.com/requests/21-5084,https://sanfrancisco.nextrequest.com/documents/8750357/download,false,,"request-context:+4 (complaint, complaints, incident, log, logs, records, -template, -form), size:+2, dept:+1"
364,7,HSOC22o - Open Requests by reported blocks.xlsx,xlsx,55.6,Public Works,21-5084,https://sanfrancisco.nextrequest.com/requests/21-5084,https://sanfrancisco.nextrequest.com/documents/8750389/download,false,,"request-context:+4 (complaint, complaints, incident, log, logs, records, -template, -form), size:+2, dept:+1"
365,7,HSOC22o - Open Requests by reported blocks.xlsx,xlsx,61.4,Public Works,21-5084,https://sanfrancisco.nextrequest.com/requests/21-5084,https://sanfrancisco.nextrequest.com/documents/8750452/download,false,,"request-context:+4 (complaint, complaints, incident, log, logs, records, -template, -form), size:+2, dept:+1"
366,7,HSOC22o - Open Requests by reported blocks.xlsx,xlsx,52.0,Public Works,21-5084,https://sanfrancisco.nextrequest.com/requests/21-5084,https://sanfrancisco.nextrequest.com/documents/8750580/download,false,,"request-context:+4 (complaint, complaints, incident, log, logs, records, -template, -form), size:+2, dept:+1"
367,7,HSOC22o - Open Requests by reported blocks.xlsx,xlsx,57.8,Public Works,21-5084,https://sanfrancisco.nextrequest.com/requests/21-5084,https://sanfrancisco.nextrequest.com/documents/8750587/download,false,,"request-context:+4 (complaint, complaints, incident, log, logs, records, -template, -form), size:+2, dept:+1"
368,7,HSOC22o - Open Requests by reported blocks.xlsx,xlsx,44.6,Public Works,21-5084,https://sanfrancisco.nextrequest.com/requests/21-5084,https://sanfrancisco.nextrequest.com/documents/8750593/download,false,,"request-context:+4 (complaint, complaints, incident, log, logs, records, -template, -form), size:+2, dept:+1"
369,7,HSOC22o - Open Requests by reported blocks.xlsx,xlsx,54.1,Public Works,21-5084,https://sanfrancisco.nextrequest.com/requests/21-5084,https://sanfrancisco.nextrequest.com/documents/8750601/download,false,,"request-context:+4 (complaint, complaints, incident, log, logs, records, -template, -form), size:+2, dept:+1"
370,7,HSOC22o - Open Requests by reported blocks.xlsx,xlsx,54.1,Public Works,21-5084,https://sanfrancisco.nextrequest.com/requests/21-5084,https://sanfrancisco.nextrequest.com/documents/8750687/download,false,,"request-context:+4 (complaint, complaints, incident, log, logs, records, -template, -form), size:+2, dept:+1"
371,7,HSOC22o - Open Requests by reported blocks.xlsx,xlsx,54.3,Public Works,21-5084,https://sanfrancisco.nextrequest.com/requests/21-5084,https://sanfrancisco.nextrequest.com/documents/8750696/download,false,,"request-context:+4 (complaint, complaints, incident, log, logs, records, -template, -form), size:+2, dept:+1"
372,7,HSOC22o - Open Requests by reported blocks.xlsx,xlsx,49.7,Public Works,21-5084,https://sanfrancisco.nextrequest.com/requests/21-5084,https://sanfrancisco.nextrequest.com/documents/8750714/download,false,,"request-context:+4 (complaint, complaints, incident, log, logs, records, -template, -form), size:+2, dept:+1"
373,7,HSOC22o - Open Requests by reported blocks.xlsx,xlsx,56.1,Public Works,21-5084,https://sanfrancisco.nextrequest.com/requests/21-5084,https://sanfrancisco.nextrequest.com/documents/8750015/download,false,,"request-context:+4 (complaint, complaints, incident, log, logs, records, -template, -form), size:+2, dept:+1"
374,7,HSOC22o - Open Requests by reported blocks.xlsx,xlsx,54.0,Public Works,21-5084,https://sanfrancisco.nextrequest.com/requests/21-5084,https://sanfrancisco.nextrequest.com/documents/8750026/download,false,,"request-context:+4 (complaint, complaints, incident, log, logs, records, -template, -form), size:+2, dept:+1"
375,7,HSOC22o - Open Requests by reported blocks.xlsx,xlsx,48.8,Public Works,21-5084,https://sanfrancisco.nextrequest.com/requests/21-5084,https://sanfrancisco.nextrequest.com/documents/8750100/download,false,,"request-context:+4 (complaint, complaints, incident, log, logs, records, -template, -form), size:+2, dept:+1"
376,7,HSOC22o - Open Requests by reported blocks.xlsx,xlsx,54.2,Public Works,21-5084,https://sanfrancisco.nextrequest.com/requests/21-5084,https://sanfrancisco.nextrequest.com/documents/8750171/download,false,,"request-context:+4 (complaint, complaints, incident, log, logs, records, -template, -form), size:+2, dept:+1"
377,7,HSOC22o - Open Requests by reported blocks.xlsx,xlsx,55.0,Public Works,21-5084,https://sanfrancisco.nextrequest.com/requests/21-5084,https://sanfrancisco.nextrequest.com/documents/8750338/download,false,,"request-context:+4 (complaint, complaints, incident, log, logs, records, -template, -form), size:+2, dept:+1"
378,7,HSOC22o - Open Requests by reported blocks.xlsx,xlsx,56.1,Public Works,21-5084,https://sanfrancisco.nextrequest.com/requests/21-5084,https://sanfrancisco.nextrequest.com/documents/8750341/download,false,,"request-context:+4 (complaint, complaints, incident, log, logs, records, -template, -form), size:+2, dept:+1"
379,7,HSOC22o - Open Requests by reported blocks.xlsx,xlsx,54.5,Public Works,21-5084,https://sanfrancisco.nextrequest.com/requests/21-5084,https://sanfrancisco.nextrequest.com/documents/8750362/download,false,,"request-context:+4 (complaint, complaints, incident, log, logs, records, -template, -form), size:+2, dept:+1"
380,7,HSOC22o - Open Requests by reported blocks.xlsx,xlsx,51.6,Public Works,21-5084,https://sanfrancisco.nextrequest.com/requests/21-5084,https://sanfrancisco.nextrequest.com/documents/8750393/download,false,,"request-context:+4 (complaint, complaints, incident, log, logs, records, -template, -form), size:+2, dept:+1"
381,7,HSOC22o - Open Requests by reported blocks.xlsx,xlsx,57.8,Public Works,21-5084,https://sanfrancisco.nextrequest.com/requests/21-5084,https://sanfrancisco.nextrequest.com/documents/8750415/download,false,,"request-context:+4 (complaint, complaints, incident, log, logs, records, -template, -form), size:+2, dept:+1"
382,7,HSOC22o - Open Requests by reported blocks.xlsx,xlsx,61.0,Public Works,21-5084,https://sanfrancisco.nextrequest.com/requests/21-5084,https://sanfrancisco.nextrequest.com/documents/8750417/download,false,,"request-context:+4 (complaint, complaints, incident, log, logs, records, -template, -form), size:+2, dept:+1"
383,7,HSOC22o - Open Requests by reported blocks.xlsx,xlsx,56.3,Public Works,21-5084,https://sanfrancisco.nextrequest.com/requests/21-5084,https://sanfrancisco.nextrequest.com/documents/8750421/download,false,,"request-context:+4 (complaint, complaints, incident, log, logs, records, -template, -form), size:+2, dept:+1"
384,7,HSOC22o - Open Requests by reported blocks.xlsx,xlsx,57.5,Public Works,21-5084,https://sanfrancisco.nextrequest.com/requests/21-5084,https://sanfrancisco.nextrequest.com/documents/8750448/download,false,,"request-context:+4 (complaint, complaints, incident, log, logs, records, -template, -form), size:+2, dept:+1"
385,7,HSOC22o - Open Requests by reported blocks.xlsx,xlsx,54.9,Public Works,21-5084,https://sanfrancisco.nextrequest.com/requests/21-5084,https://sanfrancisco.nextrequest.com/documents/8750538/download,false,,"request-context:+4 (complaint, complaints, incident, log, logs, records, -template, -form), size:+2, dept:+1"
386,7,HSOC22o - Open Requests by reported blocks.xlsx,xlsx,54.2,Public Works,21-5084,https://sanfrancisco.nextrequest.com/requests/21-5084,https://sanfrancisco.nextrequest.com/documents/8750541/download,false,,"request-context:+4 (complaint, complaints, incident, log, logs, records, -template, -form), size:+2, dept:+1"
387,7,HSOC22o - Open Requests by reported blocks.xlsx,xlsx,59.7,Public Works,21-5084,https://sanfrancisco.nextrequest.com/requests/21-5084,https://sanfrancisco.nextrequest.com/documents/8750567/download,false,,"request-context:+4 (complaint, complaints, incident, log, logs, records, -template, -form), size:+2, dept:+1"
388,7,HSOC22o - Open Requests by reported blocks.xlsx,xlsx,55.2,Public Works,21-5084,https://sanfrancisco.nextrequest.com/requests/21-5084,https://sanfrancisco.nextrequest.com/documents/8750597/download,false,,"request-context:+4 (complaint, complaints, incident, log, logs, records, -template, -form), size:+2, dept:+1"
389,7,HSOC22o - Open Requests by reported blocks.xlsx,xlsx,56.0,Public Works,21-5084,https://sanfrancisco.nextrequest.com/requests/21-5084,https://sanfrancisco.nextrequest.com/documents/8750614/download,false,,"request-context:+4 (complaint, complaints, incident, log, logs, records, -template, -form), size:+2, dept:+1"
390,7,HSOC22o - Open Requests by reported blocks.xlsx,xlsx,49.0,Public Works,21-5084,https://sanfrancisco.nextrequest.com/requests/21-5084,https://sanfrancisco.nextrequest.com/documents/8750623/download,false,,"request-context:+4 (complaint, complaints, incident, log, logs, records, -template, -form), size:+2, dept:+1"
391,7,HSOC22o - Open Requests by reported blocks.xlsx,xlsx,51.3,Public Works,21-5084,https://sanfrancisco.nextrequest.com/requests/21-5084,https://sanfrancisco.nextrequest.com/documents/8750744/download,false,,"request-context:+4 (complaint, complaints, incident, log, logs, records, -template, -form), size:+2, dept:+1"
392,7,HSOC22o - Open Requests by reported blocks.xlsx,xlsx,56.6,Public Works,21-5084,https://sanfrancisco.nextrequest.com/requests/21-5084,https://sanfrancisco.nextrequest.com/documents/8750752/download,false,,"request-context:+4 (complaint, complaints, incident, log, logs, records, -template, -form), size:+2, dept:+1"
393,7,HSOC22o - Open Requests by reported blocks.xlsx,xlsx,46.2,Public Works,21-5084,https://sanfrancisco.nextrequest.com/requests/21-5084,https://sanfrancisco.nextrequest.com/documents/8751544/download,false,,"request-context:+4 (complaint, complaints, incident, log, logs, records, -template, -form), size:+2, dept:+1"
394,7,HSOC22o - Open Requests by reported blocks.xlsx,xlsx,44.5,Public Works,21-5084,https://sanfrancisco.nextrequest.com/requests/21-5084,https://sanfrancisco.nextrequest.com/documents/8751576/download,false,,"request-context:+4 (complaint, complaints, incident, log, logs, records, -template, -form), size:+2, dept:+1"
395,7,HSOC22o - Open Requests by reported blocks.xlsx,xlsx,45.0,Public Works,21-5084,https://sanfrancisco.nextrequest.com/requests/21-5084,https://sanfrancisco.nextrequest.com/documents/8751597/download,false,,"request-context:+4 (complaint, complaints, incident, log, logs, records, -template, -form), size:+2, dept:+1"
396,7,HSOC22o - Open Requests by reported blocks.xlsx,xlsx,63.4,Public Works,21-5084,https://sanfrancisco.nextrequest.com/requests/21-5084,https://sanfrancisco.nextrequest.com/documents/8749828/download,false,,"request-context:+4 (complaint, complaints, incident, log, logs, records, -template, -form), size:+2, dept:+1"
397,7,HSOC22o - Open Requests by reported blocks.xlsx,xlsx,58.2,Public Works,21-5084,https://sanfrancisco.nextrequest.com/requests/21-5084,https://sanfrancisco.nextrequest.com/documents/8749835/download,false,,"request-context:+4 (complaint, complaints, incident, log, logs, records, -template, -form), size:+2, dept:+1"
398,7,HSOC22o - Open Requests by reported blocks.xlsx,xlsx,59.7,Public Works,21-5084,https://sanfrancisco.nextrequest.com/requests/21-5084,https://sanfrancisco.nextrequest.com/documents/8749867/download,false,,"request-context:+4 (complaint, complaints, incident, log, logs, records, -template, -form), size:+2, dept:+1"
399,7,HSOC22o - Open Requests by reported blocks.xlsx,xlsx,61.2,Public Works,21-5084,https://sanfrancisco.nextrequest.com/requests/21-5084,https://sanfrancisco.nextrequest.com/documents/8749891/download,false,,"request-context:+4 (complaint, complaints, incident, log, logs, records, -template, -form), size:+2, dept:+1"
400,7,HSOC22o - Open Requests by reported blocks.xlsx,xlsx,57.2,Public Works,21-5084,https://sanfrancisco.nextrequest.com/requests/21-5084,https://sanfrancisco.nextrequest.com/documents/8749893/download,false,,"request-context:+4 (complaint, complaints, incident, log, logs, records, -template, -form), size:+2, dept:+1"
401,7,HSOC22o - Open Requests by reported blocks.xlsx,xlsx,62.2,Public Works,21-5084,https://sanfrancisco.nextrequest.com/requests/21-5084,https://sanfrancisco.nextrequest.com/documents/8750041/download,false,,"request-context:+4 (complaint, complaints, incident, log, logs, records, -template, -form), size:+2, dept:+1"
402,7,HSOC22o - Open Requests by reported blocks.xlsx,xlsx,56.3,Public Works,21-5084,https://sanfrancisco.nextrequest.com/requests/21-5084,https://sanfrancisco.nextrequest.com/documents/8750038/download,false,,"request-context:+4 (complaint, complaints, incident, log, logs, records, -template, -form), size:+2, dept:+1"
403,7,HSOC22o - Open Requests by reported blocks.xlsx,xlsx,56.7,Public Works,21-5084,https://sanfrancisco.nextrequest.com/requests/21-5084,https://sanfrancisco.nextrequest.com/documents/8750043/download,false,,"request-context:+4 (complaint, complaints, incident, log, logs, records, -template, -form), size:+2, dept:+1"
404,7,HSOC22o - Open Requests by reported blocks.xlsx,xlsx,58.4,Public Works,21-5084,https://sanfrancisco.nextrequest.com/requests/21-5084,https://sanfrancisco.nextrequest.com/documents/8750434/download,false,,"request-context:+4 (complaint, complaints, incident, log, logs, records, -template, -form), size:+2, dept:+1"
405,7,HSOC22o - Open Requests by reported blocks.xlsx,xlsx,61.0,Public Works,21-5084,https://sanfrancisco.nextrequest.com/requests/21-5084,https://sanfrancisco.nextrequest.com/documents/8750057/download,false,,"request-context:+4 (complaint, complaints, incident, log, logs, records, -template, -form), size:+2, dept:+1"
406,7,HSOC22o - Open Requests by reported blocks.xlsx,xlsx,41.6,Public Works,21-5084,https://sanfrancisco.nextrequest.com/requests/21-5084,https://sanfrancisco.nextrequest.com/documents/8750059/download,false,,"request-context:+4 (complaint, complaints, incident, log, logs, records, -template, -form), size:+2, dept:+1"
407,7,HSOC22o - Open Requests by reported blocks.xlsx,xlsx,43.5,Public Works,21-5084,https://sanfrancisco.nextrequest.com/requests/21-5084,https://sanfrancisco.nextrequest.com/documents/8750064/download,false,,"request-context:+4 (complaint, complaints, incident, log, logs, records, -template, -form), size:+2, dept:+1"
408,7,HSOC22o - Open Requests by reported blocks.xlsx,xlsx,60.6,Public Works,21-5084,https://sanfrancisco.nextrequest.com/requests/21-5084,https://sanfrancisco.nextrequest.com/documents/8750033/download,false,,"request-context:+4 (complaint, complaints, incident, log, logs, records, -template, -form), size:+2, dept:+1"
409,7,HSOC22o - Open Requests by reported blocks.xlsx,xlsx,54.3,Public Works,21-5084,https://sanfrancisco.nextrequest.com/requests/21-5084,https://sanfrancisco.nextrequest.com/documents/8750034/download,false,,"request-context:+4 (complaint, complaints, incident, log, logs, records, -template, -form), size:+2, dept:+1"
410,7,HSOC22o - Open Requests by reported blocks.xlsx,xlsx,52.5,Public Works,21-5084,https://sanfrancisco.nextrequest.com/requests/21-5084,https://sanfrancisco.nextrequest.com/documents/8750036/download,false,,"request-context:+4 (complaint, complaints, incident, log, logs, records, -template, -form), size:+2, dept:+1"
411,7,HSOC22o - Open Requests by reported blocks.xlsx,xlsx,60.0,Public Works,21-5084,https://sanfrancisco.nextrequest.com/requests/21-5084,https://sanfrancisco.nextrequest.com/documents/8750061/download,false,,"request-context:+4 (complaint, complaints, incident, log, logs, records, -template, -form), size:+2, dept:+1"
412,7,Polk CR Utility Relocation List.xlsx,xlsx,145.5,Public Works,24-6236,https://sanfrancisco.nextrequest.com/requests/24-6236,https://sanfrancisco.nextrequest.com/documents/39413945/download,false,,"request-context:+4 (complaint, complaints, incident, inspections, contract, -invoice), size:+2, dept:+1"
413,7,Polk CR Utility Relocation List_ET check.xlsx,xlsx,129.8,Public Works,24-6236,https://sanfrancisco.nextrequest.com/requests/24-6236,https://sanfrancisco.nextrequest.com/documents/39413946/download,false,,"request-context:+4 (complaint, complaints, incident, inspections, contract, -invoice), size:+2, dept:+1"
414,7,item_28.xlsx,xlsx,33.4,Public Works,25-2389,https://sanfrancisco.nextrequest.com/requests/25-2389,https://sanfrancisco.nextrequest.com/documents/44662738/download,false,,"request-context:+4 (complaint, complaints, incident, incidents, settlement, lawsuit, audit, log, logs, records, inspections, contract, -form, -invoice, -voicemail, -minutes, -copy, -duplicate), size:+2, dept:+1"
415,7,item_27.xlsx,xlsx,37.1,Public Works,25-2389,https://sanfrancisco.nextrequest.com/requests/25-2389,https://sanfrancisco.nextrequest.com/documents/44662755/download,false,,"request-context:+4 (complaint, complaints, incident, incidents, settlement, lawsuit, audit, log, logs, records, inspections, contract, -form, -invoice, -voicemail, -minutes, -copy, -duplicate), size:+2, dept:+1"
416,7,Advanced Trips Detail Report_20260629_061401.xlsx,xlsx,90.5,Public Works,26-5451,https://sanfrancisco.nextrequest.com/requests/26-5451,https://sanfrancisco.nextrequest.com/documents/66003018/download,false,,"request-context:+4 (inventory, database, log, logs, export, records, tracker, contract, -form), size:+2, dept:+1"
417,7,SFPW - Cases in a Box - 17th St btwn Utah and Kansas.xlsx,xlsx,33.5,Public Works,25-2389,https://sanfrancisco.nextrequest.com/requests/25-2389,https://sanfrancisco.nextrequest.com/documents/44669330/download,false,,"request-context:+4 (complaint, complaints, incident, incidents, settlement, lawsuit, audit, log, logs, records, inspections, contract, -form, -invoice, -voicemail, -minutes, -copy, -duplicate), size:+2, dept:+1"
418,7,SFPW - Cases in a Box - Vermont St btwn Mariposa and 16th St.xlsx,xlsx,23.0,Public Works,25-2389,https://sanfrancisco.nextrequest.com/requests/25-2389,https://sanfrancisco.nextrequest.com/documents/44669336/download,false,,"request-context:+4 (complaint, complaints, incident, incidents, settlement, lawsuit, audit, log, logs, records, inspections, contract, -form, -invoice, -voicemail, -minutes, -copy, -duplicate), size:+2, dept:+1"
419,7,Advanced Trips Detail Report_20260629_114946.xlsx,xlsx,49.2,Public Works,26-5451,https://sanfrancisco.nextrequest.com/requests/26-5451,https://sanfrancisco.nextrequest.com/documents/66060647/download,false,,"request-context:+4 (inventory, database, log, logs, export, records, tracker, contract, -form), size:+2, dept:+1"
420,7,2017 09 25 PG&E Adjustment.xlsx,xlsx,21.9,Public Works,24-6236,https://sanfrancisco.nextrequest.com/requests/24-6236,https://sanfrancisco.nextrequest.com/documents/39767580/download,false,,"request-context:+4 (complaint, complaints, incident, inspections, contract, -invoice), size:+2, dept:+1"
421,7,Advanced Trips Detail Report_20260629_115022.xlsx,xlsx,79.7,Public Works,26-5451,https://sanfrancisco.nextrequest.com/requests/26-5451,https://sanfrancisco.nextrequest.com/documents/66060643/download,false,,"request-context:+4 (inventory, database, log, logs, export, records, tracker, contract, -form), size:+2, dept:+1"
422,7,2020 01 16 MTA funding overview Polk.xlsx,xlsx,29.1,Public Works,24-6236,https://sanfrancisco.nextrequest.com/requests/24-6236,https://sanfrancisco.nextrequest.com/documents/41173690/download,false,,"request-context:+4 (complaint, complaints, incident, inspections, contract, -invoice), size:+2, dept:+1"
423,7,FY20-23 Dream Keeper Initiative (DKI) Summary 02-17-23 Sunshine.xlsx,xlsx,25.3,"Public Health: Other, Public Health: Contracts / RFPs",23-714,https://sanfrancisco.nextrequest.com/requests/23-714,https://sanfrancisco.nextrequest.com/documents/18240896/download,false,,"request-context:+4 (payroll, reimbursement, records, contract, payments, -invoice, -receipt), size:+2, dept:+1"
424,7,Advanced Trips Detail Report_20260630_062659.xlsx,xlsx,82.8,Public Works,26-5451,https://sanfrancisco.nextrequest.com/requests/26-5451,https://sanfrancisco.nextrequest.com/documents/66101068/download,false,,"request-context:+4 (inventory, database, log, logs, export, records, tracker, contract, -form), size:+2, dept:+1"
425,7,Reimbursement Calculation FY2017.Q2 v2.xlsx,xlsx,51.9,Public Works,21-1210,https://sanfrancisco.nextrequest.com/requests/21-1210,https://sanfrancisco.nextrequest.com/documents/7072398/download,false,,"reimbursement, request-context:+2 (log, contract), size:+2, dept:+1"
426,7,07.23 Monthly  HPF Pit Stop Data.xlsx,xlsx,77.5,Public Works,24-5401,https://sanfrancisco.nextrequest.com/requests/24-5401,https://sanfrancisco.nextrequest.com/documents/38018486/download,false,,"request-context:+4 (complaint, complaints), size:+2, dept:+1"
427,7,Construction or Renovation projects valued ($5M+).xlsx,xlsx,80.3,Public Works,25-2685,https://sanfrancisco.nextrequest.com/requests/25-2685,https://sanfrancisco.nextrequest.com/documents/44891295/download,false,,"request-context:+4 (expense, records, contract, -form), size:+2, dept:+1"
428,7,12.21 HPF Monthly Pit Stop Data.xlsx,xlsx,145.9,Public Works,25-2824,https://sanfrancisco.nextrequest.com/requests/25-2824,https://sanfrancisco.nextrequest.com/documents/45245298/download,false,,"request-context:+4 (expense, expenses, overtime, payroll, reimbursement, records, permits, -form, -invoice, -receipt), size:+2, dept:+1"
429,7,06.22 Monthly HPF Pit Stop Data.xlsx,xlsx,122.5,Public Works,25-2824,https://sanfrancisco.nextrequest.com/requests/25-2824,https://sanfrancisco.nextrequest.com/documents/45245301/download,false,,"request-context:+4 (expense, expenses, overtime, payroll, reimbursement, records, permits, -form, -invoice, -receipt), size:+2, dept:+1"
430,7,02.24 Monthly HPF Pit Stop Data.xlsx,xlsx,58.3,Public Works,25-2824,https://sanfrancisco.nextrequest.com/requests/25-2824,https://sanfrancisco.nextrequest.com/documents/45245333/download,false,,"request-context:+4 (expense, expenses, overtime, payroll, reimbursement, records, permits, -form, -invoice, -receipt), size:+2, dept:+1"
431,7,05.24 Monthly HPF Pit Stop Data.xlsx,xlsx,59.3,Public Works,25-2824,https://sanfrancisco.nextrequest.com/requests/25-2824,https://sanfrancisco.nextrequest.com/documents/45245335/download,false,,"request-context:+4 (expense, expenses, overtime, payroll, reimbursement, records, permits, -form, -invoice, -receipt), size:+2, dept:+1"
432,7,07.24 Monthly HPF Pit Stop Data.xlsx,xlsx,58.5,Public Works,25-2824,https://sanfrancisco.nextrequest.com/requests/25-2824,https://sanfrancisco.nextrequest.com/documents/45245337/download,false,,"request-context:+4 (expense, expenses, overtime, payroll, reimbursement, records, permits, -form, -invoice, -receipt), size:+2, dept:+1"
433,7,02.25 Monthly Pit Stop Data HPF.xlsx,xlsx,151.6,Public Works,25-2824,https://sanfrancisco.nextrequest.com/requests/25-2824,https://sanfrancisco.nextrequest.com/documents/45245345/download,false,,"request-context:+4 (expense, expenses, overtime, payroll, reimbursement, records, permits, -form, -invoice, -receipt), size:+2, dept:+1"
434,7,CA Tracking Logs_2021.xlsx,xlsx,72.0,Public Works,26-2392,https://sanfrancisco.nextrequest.com/requests/26-2392,https://sanfrancisco.nextrequest.com/documents/61368178/download,false,,"log, logs, request-context:+1 (records), size:+2, dept:+1"
435,7,Expense Report - Hawaii as of 4.4.25.xlsx,xlsx,32.8,Controller,25-2350,https://sanfrancisco.nextrequest.com/requests/25-2350,https://sanfrancisco.nextrequest.com/documents/44652912/download,false,,"expense, request-context:+1 (records), size:+2, dept:+1"
436,7,03.23 Monthly HPF Pit Stop Data.xlsx,xlsx,44.1,Public Works,25-2824,https://sanfrancisco.nextrequest.com/requests/25-2824,https://sanfrancisco.nextrequest.com/documents/45245315/download,false,,"request-context:+4 (expense, expenses, overtime, payroll, reimbursement, records, permits, -form, -invoice, -receipt), size:+2, dept:+1"
437,7,12.24 Monthly Pit Stop Data HPF (2) (1).xlsx,xlsx,131.7,Public Works,25-2824,https://sanfrancisco.nextrequest.com/requests/25-2824,https://sanfrancisco.nextrequest.com/documents/45245342/download,false,,"request-context:+4 (expense, expenses, overtime, payroll, reimbursement, records, permits, -form, -invoice, -receipt), size:+2, dept:+1"
438,7,08.22 Monthly HPF Pit Stop Data.xlsx,xlsx,43.8,Public Works,25-2824,https://sanfrancisco.nextrequest.com/requests/25-2824,https://sanfrancisco.nextrequest.com/documents/45245460/download,false,,"request-context:+4 (expense, expenses, overtime, payroll, reimbursement, records, permits, -form, -invoice, -receipt), size:+2, dept:+1"
439,7,04.22 Monthly HPF Pit Stop Data.xlsx,xlsx,123.6,Public Works,25-2824,https://sanfrancisco.nextrequest.com/requests/25-2824,https://sanfrancisco.nextrequest.com/documents/45245546/download,false,,"request-context:+4 (expense, expenses, overtime, payroll, reimbursement, records, permits, -form, -invoice, -receipt), size:+2, dept:+1"
440,7,05.22 Monthly HPF Pit Stop Data.xlsx,xlsx,123.2,Public Works,25-2824,https://sanfrancisco.nextrequest.com/requests/25-2824,https://sanfrancisco.nextrequest.com/documents/45245550/download,false,,"request-context:+4 (expense, expenses, overtime, payroll, reimbursement, records, permits, -form, -invoice, -receipt), size:+2, dept:+1"
441,7,Adhoc report - BSES on Wiese 18-22.xlsx,xlsx,56.9,Public Works,24-5211,https://sanfrancisco.nextrequest.com/requests/24-5211,https://sanfrancisco.nextrequest.com/documents/37645681/download,false,,"request-context:+4 (complaint, complaints, investigation, contract, -form, -receipt, -voicemail), size:+2, dept:+1"
442,6,List of DPH Felton Funding.xlsx,xlsx,13.2,Public Health: Contracts / RFPs,23-2230,https://sanfrancisco.nextrequest.com/requests/23-2230,https://sanfrancisco.nextrequest.com/documents/20063104/download,false,,"contract, request-context:+4 (complaint, complaints, investigation, audit, records, contract, -form), dept:+1"
443,6,A1 Protective Services - San Fransisco Roster (1).xlsx,xlsx,19.3,OCA - Office of Contract Administration,23-6830,https://sanfrancisco.nextrequest.com/requests/23-6830,https://sanfrancisco.nextrequest.com/documents/26844877/download,false,,"roster, request-context:+4 (citation, citations, records, contract, -form, -receipt)"
444,6,BuildingRepairPresidioLibraryRecordsRequest2.xlsx,xlsx,11.4,Public Works,26-5301,https://sanfrancisco.nextrequest.com/requests/26-5301,https://sanfrancisco.nextrequest.com/documents/65710712/download,false,,"records, request-context:+4 (complaint, complaints, incident, incidents, log, logs, records, permits, vendor, contract, -form, -invoice, -application, -certificate), dept:+1"
445,6,BuildingRepairPresidioLibraryRecordsRequest.xlsx,xlsx,10.0,Public Works,26-5301,https://sanfrancisco.nextrequest.com/requests/26-5301,https://sanfrancisco.nextrequest.com/documents/65727084/download,false,,"records, request-context:+4 (complaint, complaints, incident, incidents, log, logs, records, permits, vendor, contract, -form, -invoice, -application, -certificate), dept:+1"
446,6,3.058 - J.2 Detailed Capital and Lease Expenses.xlsx,xlsx,18.0,Controller,24-667,https://sanfrancisco.nextrequest.com/requests/24-667,https://sanfrancisco.nextrequest.com/documents/29835651/download,false,,"expense, expenses, request-context:-1 (log, -agenda, -minutes), dept:+1"
447,6,Peoplesoft Report BAL Payments on PLA Projects 10.28.24.xlsx,xlsx,13.5,Controller,24-6244,https://sanfrancisco.nextrequest.com/requests/24-6244,https://sanfrancisco.nextrequest.com/documents/39429063/download,false,,"payments, request-context:+3 (contract, payments), dept:+1"
448,6,0004i_Video_Submittal_Log.xlsx,xlsx,12.6,Public Works,22-1475,https://sanfrancisco.nextrequest.com/requests/22-1475,https://sanfrancisco.nextrequest.com/documents/12612930/download,false,,"log, request-context:+4 (discipline, log, logs, records, contract, -form), dept:+1"
449,6,Taylor St Records request 12 Months 26-1392.xlsx,xlsx,12.4,Public Works,26-1392,https://sanfrancisco.nextrequest.com/requests/26-1392,https://sanfrancisco.nextrequest.com/documents/60099893/download,false,,"records, request-context:+4 (violation, violations, investigation, records, -form), dept:+1"
450,6,SWL PermitSearch.xlsx,xlsx,9.5,Public Works,26-3071,https://sanfrancisco.nextrequest.com/requests/26-3071,https://sanfrancisco.nextrequest.com/documents/62355205/download,false,,"permits, request-context:+4 (complaint, complaints, records, permits, -form, -agenda, -minutes, -application), dept:+1"
451,6,"Public Records request #26-6956 - Trash Can POs.xlsx",xlsx,11.3,Public Works,26-6956,https://sanfrancisco.nextrequest.com/requests/26-6956,https://sanfrancisco.nextrequest.com/documents/68545990/download,false,,"records, request-context:+4 (citation, inventory, database, log, logs, export, dataset, records, vendor, contract, -blank, -form, -receipt, -minutes, -copy), dept:+1"
452,6,Bay Area Lightworks Payments PLA Projects.xlsx,xlsx,11.9,Controller,24-7490,https://sanfrancisco.nextrequest.com/requests/24-7490,https://sanfrancisco.nextrequest.com/documents/41216877/download,false,,"payments, request-context:+3 (contract, payments), dept:+1"
453,6,2922J Cost Proposal Log.xlsx,xlsx,11.7,Public Works,22-1475,https://sanfrancisco.nextrequest.com/requests/22-1475,https://sanfrancisco.nextrequest.com/documents/13381667/download,false,,"log, request-context:+4 (discipline, log, logs, records, contract, -form), dept:+1"
454,6,NCR Log.xlsx,xlsx,17.3,Public Works,22-1475,https://sanfrancisco.nextrequest.com/requests/22-1475,https://sanfrancisco.nextrequest.com/documents/13537050/download,false,,"log, request-context:+4 (discipline, log, logs, records, contract, -form), dept:+1"
455,6,NCR Log.xlsx(1).xlsx,xlsx,17.3,Public Works,22-1475,https://sanfrancisco.nextrequest.com/requests/22-1475,https://sanfrancisco.nextrequest.com/documents/13609628/download,false,,"log, request-context:+4 (discipline, log, logs, records, contract, -form), dept:+1"
456,6,Activity Log (7).xls,xls,12.4,Public Works,24-731,https://sanfrancisco.nextrequest.com/requests/24-731,https://sanfrancisco.nextrequest.com/documents/29812240/download,false,,"log, request-context:+4 (complaint, complaints, investigation, records, inspections, -template, -form), dept:+1"
457,6,Activity Log (7).xls,xls,13.0,Public Works,24-834,https://sanfrancisco.nextrequest.com/requests/24-834,https://sanfrancisco.nextrequest.com/documents/29989320/download,false,,"log, request-context:+4 (complaint, complaints, records, -application), dept:+1"
458,6,Activity Log (9).xls,xls,6.4,Public Works,24-834,https://sanfrancisco.nextrequest.com/requests/24-834,https://sanfrancisco.nextrequest.com/documents/29989310/download,false,,"log, request-context:+4 (complaint, complaints, records, -application), dept:+1"
459,6,Activity Log (6).xls,xls,8.3,Public Works,24-834,https://sanfrancisco.nextrequest.com/requests/24-834,https://sanfrancisco.nextrequest.com/documents/29989303/download,false,,"log, request-context:+4 (complaint, complaints, records, -application), dept:+1"
460,5,SFCCC Vehicle list (Draft).xlsx,xlsx,9.7,Public Works,25-8526,https://sanfrancisco.nextrequest.com/requests/25-8526,https://sanfrancisco.nextrequest.com/documents/55318498/download,false,,"request-context:+4 (audit, inventory, records, contract, -form, -invoice), dept:+1"
461,5,1_Outstanding Permits.xlsx,xlsx,19.0,Public Works,24-2444,https://sanfrancisco.nextrequest.com/requests/24-2444,https://sanfrancisco.nextrequest.com/documents/33054469/download,false,,"permits, request-context:+3 (permits, inspections, contract), dept:+1"
462,5,2126J Polk Monuments.xlsx,xlsx,9.0,Public Works,24-6236,https://sanfrancisco.nextrequest.com/requests/24-6236,https://sanfrancisco.nextrequest.com/documents/39413917/download,false,,"request-context:+4 (complaint, complaints, incident, inspections, contract, -invoice), dept:+1"
463,5,20176 11 16 S-E Lab Report.xlsx,xlsx,16.7,Public Works,24-6236,https://sanfrancisco.nextrequest.com/requests/24-6236,https://sanfrancisco.nextrequest.com/documents/39767583/download,false,,"request-context:+4 (complaint, complaints, incident, inspections, contract, -invoice), dept:+1"
464,5,Comparative assessment.xlsx,xlsx,15.3,Public Works,24-6236,https://sanfrancisco.nextrequest.com/requests/24-6236,https://sanfrancisco.nextrequest.com/documents/41290856/download,false,,"request-context:+4 (complaint, complaints, incident, inspections, contract, -invoice), dept:+1"
465,5,0 - 300 Edingburgh waterbox check and planted date.xlsx,xlsx,19.9,Public Works,25-10672,https://sanfrancisco.nextrequest.com/requests/25-10672,https://sanfrancisco.nextrequest.com/documents/57274952/download,false,,"request-context:+4 (database, log, logs, records, contract, -form, -invoice), dept:+1"
466,5,"Panel dimensions, Lombard.xlsx",xlsx,9.2,Public Works,24-6236,https://sanfrancisco.nextrequest.com/requests/24-6236,https://sanfrancisco.nextrequest.com/documents/41290888/download,false,,"request-context:+4 (complaint, complaints, incident, inspections, contract, -invoice), dept:+1"
467,5,"RE PCO 37, RE estimate.xlsx",xlsx,13.3,Public Works,24-6236,https://sanfrancisco.nextrequest.com/requests/24-6236,https://sanfrancisco.nextrequest.com/documents/41290920/download,false,,"request-context:+4 (complaint, complaints, incident, inspections, contract, -invoice), dept:+1"
468,5,2018 01 03 SW Lombard CR.xlsx,xlsx,11.9,Public Works,24-6236,https://sanfrancisco.nextrequest.com/requests/24-6236,https://sanfrancisco.nextrequest.com/documents/41290827/download,false,,"request-context:+4 (complaint, complaints, incident, inspections, contract, -invoice), dept:+1"
469,5,RE PCO 31 Final cost.xlsx,xlsx,11.5,Public Works,24-6236,https://sanfrancisco.nextrequest.com/requests/24-6236,https://sanfrancisco.nextrequest.com/documents/41290900/download,false,,"request-context:+4 (complaint, complaints, incident, inspections, contract, -invoice), dept:+1"
470,5,Change Order Payment Schedule.xlsx,xlsx,13.0,Public Works,24-6236,https://sanfrancisco.nextrequest.com/requests/24-6236,https://sanfrancisco.nextrequest.com/documents/41173705/download,false,,"request-context:+4 (complaint, complaints, incident, inspections, contract, -invoice), dept:+1"
471,5,Minh Luong Cantarutti March 1. 2023 to March 1. 2024   Alameda San Bruno Service Request.xlsx,xlsx,14.1,Public Works,25-9578,https://sanfrancisco.nextrequest.com/requests/25-9578,https://sanfrancisco.nextrequest.com/documents/55740467/download,false,,"request-context:+4 (complaint, complaints, incident, inventory, database, log, logs, export, records, dispatch, -form, -receipt), dept:+1"
472,5,Minh Luong Cantarutti March 1. 2023 to March 1. 2024 San Bruno Alameda Service Request.xlsx,xlsx,10.0,Public Works,25-9578,https://sanfrancisco.nextrequest.com/requests/25-9578,https://sanfrancisco.nextrequest.com/documents/55740468/download,false,,"request-context:+4 (complaint, complaints, incident, inventory, database, log, logs, export, records, dispatch, -form, -receipt), dept:+1"
473,5,2652J - 11.10.20 ROSTER.xlsx,xlsx,15.2,Public Works,22-3290,https://sanfrancisco.nextrequest.com/requests/22-3290,https://sanfrancisco.nextrequest.com/documents/15988854/download,false,,"roster, request-context:+2 (records, contract), dept:+1"
474,5,"SF Public Works Purchase Order Summary FY23,24,25 as of April 16 2025.xlsx",xlsx,10.6,Public Works,25-2677,https://sanfrancisco.nextrequest.com/requests/25-2677,https://sanfrancisco.nextrequest.com/documents/44829683/download,false,,"request-context:+4 (database, log, export, dataset, records, -form, -license, -copy), dept:+1"
475,5,450 Rhode Island.xlsx,xlsx,12.3,Public Works,26-964,https://sanfrancisco.nextrequest.com/requests/26-964,https://sanfrancisco.nextrequest.com/documents/59166512/download,false,,"request-context:+4 (complaint, complaints, incident, log, logs, records, -form), dept:+1"
476,5,3_BOE Stats thru 1-18-2023.xlsx,xlsx,11.6,Public Works,23-1090,https://sanfrancisco.nextrequest.com/requests/23-1090,https://sanfrancisco.nextrequest.com/documents/18269282/download,false,,"request-context:+4 (lawsuit, log), dept:+1"
477,2,Employee_Compensation_20240524.csv,csv,267502.1,Controller,24-2975,https://sanfrancisco.nextrequest.com/requests/24-2975,https://sanfrancisco.nextrequest.com/documents/34423869/download,true,Employee Compensation,"compensation, request-context:+4 (compensation, ethics), size:+5, dept:+1, already-open-data:-10 (Employee Compensation)"
478,1,80.004 Employee Compensation CY.xlsx,xlsx,17720.7,Controller,24-2975,https://sanfrancisco.nextrequest.com/requests/24-2975,https://sanfrancisco.nextrequest.com/documents/34423870/download,true,Employee Compensation,"compensation, request-context:+4 (compensation, ethics), size:+4, dept:+1, already-open-data:-10 (Employee Compensation)"
479,0,25-6035 - Vendor_Payments_(Vouchers)_20250828.csv,csv,1376.2,Controller,25-6035,https://sanfrancisco.nextrequest.com/requests/25-6035,https://sanfrancisco.nextrequest.com/documents/50168921/download,true,Vendor Payments (Vouchers),"vendor, payments, request-context:+3 (export, vendor, payments, -invoice), size:+3, dept:+1, already-open-data:-10 (Vendor Payments (Vouchers))"
480,-1,2_Section 604 Affidavit Log 9.16.16  nmr.xlsx,xlsx,459.0,Public Works,23-3094,https://sanfrancisco.nextrequest.com/requests/23-3094,https://sanfrancisco.nextrequest.com/documents/21589974/download,true,Section 604 Affidavit,"log, request-context:+4 (complaint, complaints, violation, log, logs, records, permits, contract, -application), size:+3, dept:+1, already-open-data:-10 (Section 604 Affidavit)"
481,-1,1_Section 604 Affidavit Log FOR MAPPING 06-03-16.xlsx,xlsx,429.6,Public Works,23-3094,https://sanfrancisco.nextrequest.com/requests/23-3094,https://sanfrancisco.nextrequest.com/documents/21590027/download,true,Section 604 Affidavit,"log, request-context:+4 (complaint, complaints, violation, log, logs, records, permits, contract, -application), size:+3, dept:+1, already-open-data:-10 (Section 604 Affidavit)"
482,-1,2_Section 604 Affidavit Log 9.16.16  nmr.xlsx,xlsx,459.0,Public Works,23-3094,https://sanfrancisco.nextrequest.com/requests/23-3094,https://sanfrancisco.nextrequest.com/documents/21589589/download,true,Section 604 Affidavit,"log, request-context:+4 (complaint, complaints, violation, log, logs, records, permits, contract, -application), size:+3, dept:+1, already-open-data:-10 (Section 604 Affidavit)"
483,-1,2_Section 604 Affidavit Log 9.16.16  nmr.xlsx,xlsx,459.0,Public Works,23-3094,https://sanfrancisco.nextrequest.com/requests/23-3094,https://sanfrancisco.nextrequest.com/documents/21589961/download,true,Section 604 Affidavit,"log, request-context:+4 (complaint, complaints, violation, log, logs, records, permits, contract, -application), size:+3, dept:+1, already-open-data:-10 (Section 604 Affidavit)"
484,-1,1_Section 604 Affidavit Log 4.29.16 (1) NMR.xlsx,xlsx,348.6,Public Works,23-3094,https://sanfrancisco.nextrequest.com/requests/23-3094,https://sanfrancisco.nextrequest.com/documents/21589606/download,true,Section 604 Affidavit,"log, request-context:+4 (complaint, complaints, violation, log, logs, records, permits, contract, -application), size:+3, dept:+1, already-open-data:-10 (Section 604 Affidavit)"
485,-1,2_Section 604 Affidavit Log 9.16.16  nmr.xlsx,xlsx,459.0,Public Works,23-3094,https://sanfrancisco.nextrequest.com/requests/23-3094,https://sanfrancisco.nextrequest.com/documents/21589713/download,true,Section 604 Affidavit,"log, request-context:+4 (complaint, complaints, violation, log, logs, records, permits, contract, -application), size:+3, dept:+1, already-open-data:-10 (Section 604 Affidavit)"
486,-1,2_Section 604 Affidavit Log 9.8.16  nmr.xlsx,xlsx,422.8,Public Works,23-3094,https://sanfrancisco.nextrequest.com/requests/23-3094,https://sanfrancisco.nextrequest.com/documents/21590014/download,true,Section 604 Affidavit,"log, request-context:+4 (complaint, complaints, violation, log, logs, records, permits, contract, -application), size:+3, dept:+1, already-open-data:-10 (Section 604 Affidavit)"
487,-1,1_Section 604 Affidavit Log 8.19.16 nmr.xlsx,xlsx,397.3,Public Works,23-3094,https://sanfrancisco.nextrequest.com/requests/23-3094,https://sanfrancisco.nextrequest.com/documents/21589661/download,true,Section 604 Affidavit,"log, request-context:+4 (complaint, complaints, violation, log, logs, records, permits, contract, -application), size:+3, dept:+1, already-open-data:-10 (Section 604 Affidavit)"
488,-1,2_Section 604 Affidavit Log 7.1.16 nmr.xlsx,xlsx,379.9,Public Works,23-3094,https://sanfrancisco.nextrequest.com/requests/23-3094,https://sanfrancisco.nextrequest.com/documents/21589927/download,true,Section 604 Affidavit,"log, request-context:+4 (complaint, complaints, violation, log, logs, records, permits, contract, -application), size:+3, dept:+1, already-open-data:-10 (Section 604 Affidavit)"
489,-1,1_Section 604 Affidavit Log FOR MAPPING 06-03-16.xlsx,xlsx,429.6,Public Works,23-3094,https://sanfrancisco.nextrequest.com/requests/23-3094,https://sanfrancisco.nextrequest.com/documents/21589599/download,true,Section 604 Affidavit,"log, request-context:+4 (complaint, complaints, violation, log, logs, records, permits, contract, -application), size:+3, dept:+1, already-open-data:-10 (Section 604 Affidavit)"
490,-2,Vendor_Payments_(Vouchers)_20260721.xlsx,xlsx,136.1,Controller,26-6248,https://sanfrancisco.nextrequest.com/requests/26-6248,https://sanfrancisco.nextrequest.com/documents/67603962/download,true,Vendor Payments (Vouchers),"vendor, payments, request-context:+2 (records, contract, payments, -invoice, -application), size:+2, dept:+1, already-open-data:-10 (Vendor Payments (Vouchers))"
